"동화약품","000020","23,050","68.49","2.14","2.1","2019"
"KR모터스","000040","686","-0.91","1.05","0.28","2019"
"경방","000050","10,500","6.6","0.39","0.84","2019"
"메리츠화재","000060","12,800","4.83","0.6","0.18","2019"
"삼양홀딩스","000070","64,400","8.9","0.27","0.22","2019"
"하이트진로","000080","36,650","-60.62","2.49","1.26","2019"
"유한양행","000100","67,400","123.12","2.73","3.04","2019"
"CJ대한통운","000120","149,500","67.0","0.93","0.33","2019"
"하이트진로홀딩스","000140","17,850","-10.33","0.42","0.2","2019"
"두산","000150","43,400","1.66","0.11","0.04","2019"
"성창기업지주","000180","1,570","-10.05","0.21","0.73","2019"
"대림산업","000210","89,200","4.37","0.46","0.32","2019"
"유유제약","000220","16,700","18.99","1.18","1.17","2019"
"일동홀딩스","000230","10,200","-2.94","0.37","0.4","2019"
"한국테크놀로지그룹","000240","15,150","8.63","0.42","1.66","2019"
"기아자동차","000270","42,750","9.49","0.6","0.3","2019"
"대유플러스","000300","584","2.06","0.37","0.12","2019"
"노루홀딩스","000320","9,130","6.1","0.21","0.14","2019"
"한화손해보험","000370","2,745","-4.64","0.22","0.05","2019"
"삼화페인트공업","000390","4,900","33.22","0.46","0.24","2019"
"롯데손해보험","000400","1,590","-9.64","0.51","0.2","2019"
"대원강업","000430","3,065","8.96","0.32","0.2","2019"
"조선내화","000480","71,300","8.86","0.41","0.38","2019"
"대동공업","000490","6,350","50.22","0.68","0.18","2019"
"가온전선","000500","18,000","13.61","0.29","0.09","2019"
"삼일제약","000520","20,500","166.56","2.14","1.1","2019"
"흥국화재","000540","2,190","3.66","0.2","0.05","2019"
"CS홀딩스","000590","53,700","3.73","0.22","0.46","2019"
"동아쏘시오홀딩스","000640","103,000","31.61","0.85","0.82","2019"
"천일고속","000650","60,900","124.32","1.71","1.46","2019"
"SK하이닉스","000660","77,800","28.09","1.18","2.1","2019"
"영풍","000670","482,500","4.29","0.24","0.29","2019"
"LS네트웍스","000680","2,030","-2.32","0.31","0.4","2019"
"유수홀딩스","000700","5,400","-56.25","0.43","0.38","2019"
"현대건설","000720","32,650","6.34","0.42","0.21","2019"
"이화산업","000760","14,650","-8.55","0.23","0.66","2019"
"삼성화재해상보험","000810","184,000","13.5","0.61","0.45","2019"
"화천기공","000850","30,250","8.87","0.22","0.32","2019"
"강남제비스코","000860","14,800","5.53","0.17","0.29","2019"
"한화","000880","26,100","8.47","0.11","0.04","2019"
"보해양조","000890","818","-7.01","1.29","1.36","2019"
"유니온","000910","8,600","-10.66","0.94","0.63","2019"
"전방","000950","28,250","-1.18","0.56","0.35","2019"
"한국주철관공업","000970","8,850","28.03","0.75","0.48","2019"
"DB하이텍","000990","35,550","15.09","2.45","1.95","2019"
"페이퍼코리아","001020","1,525","-1.64","3.49","0.17","2019"
"CJ","001040","82,300","7.42","0.16","0.07","2019"
"JW중외제약","001060","38,050","-31.46","3.46","1.56","2019"
"대한방직","001070","33,800","-11.2","1.42","1.15","2019"
"만호제강","001080","15,100","56.97","0.27","0.3","2019"
"LG상사","001120","14,800","-38.5","0.37","0.05","2019"
"대한제분","001130","170,500","16.95","0.38","0.31","2019"
"국보","001140","2,670","-8.31","1.46","0.72","2019"
"유진증권","001200","3,530","8.28","0.43","1.39","2019"
"금호전기","001210","3,190","-0.99","1.94","0.52","2019"
"동국제강","001230","6,220","-7.27","0.31","0.1","2019"
"GS글로벌","001250","1,610","-7.96","0.35","0.03","2019"
"남광토건","001260","10,050","25.33","1.87","0.42","2019"
"부국증권","001270","19,850","7.51","0.42","1.76","2019"
"상상인증권","001290","1,015","-12.19","0.64","5.88","2019"
"백광산업","001340","3,420","9.6","0.92","0.91","2019"
"삼성제약","001360","3,870","33.09","1.6","5.12","2019"
"SG충방","001380","1,845","103.7","0.64","0.66","2019"
"KG케미칼","001390","21,600","1.28","0.21","0.14","2019"
"태원물산","001420","3,400","51.68","0.8","1.18","2019"
"세아베스틸","001430","9,720","18.16","0.18","0.12","2019"
"대한전선","001440","689","-46.83","1.89","0.38","2019"
"현대해상","001450","22,400","7.44","0.44","0.15","2019"
"BYC","001460","243,500","5.47","0.35","0.89","2019"
"삼부토건","001470","902","16.59","0.61","0.54","2019"
"현대차증권","001500","9,900","4.05","0.29","1.15","2019"
"SK증권","001510","750","11.36","0.62","1.56","2019"
"동양","001520","1,145","-118.82","0.33","0.51","2019"
"디아이동일","001530","88,100","8.26","0.41","0.23","2019"
"조비","001550","23,100","-1199.35","2.5","1.69","2019"
"제일연마","001560","6,290","9.83","0.75","0.78","2019"
"금양","001570","4,135","-16.71","2.67","1.05","2019"
"케이비아이동국실업","001620","581","127.9","0.22","0.06","2019"
"종근당홀딩스","001630","117,500","7.42","0.8","0.82","2019"
"대상","001680","29,350","9.34","0.99","0.34","2019"
"신영증권","001720","46,100","5.55","0.37","1.9","2019"
"SK네트웍스","001740","5,080","-10.28","0.55","0.1","2019"
"한양증권","001750","8,690","4.98","0.38","1.01","2019"
"신화실업","001770","19,700","23.94","0.7","0.32","2019"
"알루코","001780","3,815","-41.81","0.99","0.63","2019"
"대한제당","001790","18,600","11.42","0.35","0.14","2019"
"오리온홀딩스","001800","13,300","5.33","0.25","0.4","2019"
"삼화콘덴서공업","001820","54,200","18.91","3.66","2.21","2019"
"대림건설","001880","25,450","4.06","0.84","0.3","2019"
"KISCO홀딩스","001940","11,500","3.38","0.16","0.18","2019"
"코오롱","002020","23,000","-30.57","0.4","0.07","2019"
"아세아","002030","75,400","1.75","0.11","0.11","2019"
"비비안","002070","4,095","-23.44","0.56","0.28","2019"
"경농","002100","15,100","81.89","1.62","1.44","2019"
"고려산업","002140","4,980","26.42","1.3","0.65","2019"
"도화엔지니어링","002150","7,390","14.32","0.99","0.48","2019"
"삼양통상","002170","61,200","4.15","0.56","0.96","2019"
"한국수출포장공업","002200","18,700","4.16","0.3","0.28","2019"
"동성제약","002210","12,500","-38.8","4.65","3.77","2019"
"한일철강","002220","1,690","-3.46","0.25","0.22","2019"
"고려제강","002240","14,200","46.56","0.19","0.17","2019"
"롯데푸드","002270","308,000","9.3","0.49","0.19","2019"
"아세아제지","002310","26,450","3.86","0.41","0.34","2019"
"한진","002320","43,850","-181.07","0.5","0.25","2019"
"넥센타이어","002350","5,110","4.21","0.32","0.25","2019"
"SH에너지화학","002360","768","-27.53","0.86","0.61","2019"
"케이씨씨","002380","139,500","-6.64","0.33","0.54","2019"
"한독","002390","38,550","15.65","1.54","1.12","2019"
"범양건영","002410","6,750","8.51","2.39","0.61","2019"
"세기상사","002420","61,600","-27.93","1.12","4.93","2019"
"삼익악기","002450","1,335","9.23","0.54","0.46","2019"
"화성산업","002460","12,150","19.65","0.41","0.34","2019"
"조흥","002600","149,500","11.5","0.69","0.46","2019"
"제일파마홀딩스","002620","24,850","-4.14","0.82","0.54","2019"
"오리엔트바이오","002630","2,100","-7.08","3.41","7.03","2019"
"동일제강","002690","2,070","28.23","0.24","0.24","2019"
"신일전자","002700","1,595","26.35","1.63","0.78","2019"
"TCC스틸","002710","3,220","14.81","0.63","0.17","2019"
"국제약품","002720","13,450","-51.56","4.06","2.23","2019"
"보락","002760","2,020","201.66","2.76","3.35","2019"
"진흥기업","002780","2,055","14.73","3.07","0.55","2019"
"아모레퍼시픽그룹","002790","51,800","15.13","0.66","0.68","2019"
"삼영무역","002810","12,950","6.85","0.6","0.87","2019"
"선창산업","002820","3,620","-1.14","0.21","0.1","2019"
"미원상사","002840","92,000","15.05","2.08","1.87","2019"
"신풍제지","002870","1,510","2.71","0.77","0.34","2019"
"대유에이텍","002880","663","3.96","0.3","0.06","2019"
"동양물산기업","002900","1,310","31.74","1.12","0.27","2019"
"유성기업","002920","2,415","3.03","0.2","0.24","2019"
"한국쉘석유","002960","238,500","14.76","3.17","1.46","2019"
"금호산업","002990","7,330","22.58","0.7","0.17","2019"
"부광약품","003000","38,400","-345.49","7.83","15.2","2019"
"혜인","003010","4,640","14.04","0.62","0.23","2019"
"세아제강지주","003030","48,000","13.52","0.15","0.08","2019"
"에이프로젠제약","003060","1,505","-110.44","1.11","7.59","2019"
"코오롱글로벌","003070","23,450","12.74","1.26","0.17","2019"
"성보화학","003080","4,220","-29.13","0.58","2.02","2019"
"대웅","003090","34,500","28.13","1.95","1.47","2019"
"일성신약","003120","83,400","33.11","0.64","4.58","2019"
"디아이","003160","3,915","246.62","0.87","1.13","2019"
"일신방직","003200","71,400","21.42","0.24","0.35","2019"
"대원제약","003220","21,150","15.92","2.1","1.35","2019"
"삼양식품","003230","107,500","13.5","2.81","1.49","2019"
"태광산업","003240","666,000","4.43","0.21","0.25","2019"
"흥아해운","003280","258","-0.56","0.93","0.28","2019"
"한일홀딩스","003300","46,450","5.66","0.16","0.17","2019"
"한국화장품제조","003350","38,850","-117.38","3.67","2.3","2019"
"쌍용양회공업","003410","5,600","21.44","1.57","1.83","2019"
"유화증권","003460","2,210","20.21","0.27","7.83","2019"
"유안타증권","003470","3,010","7.43","0.48","1.58","2019"
"한진중공업홀딩스","003480","3,190","3.1","0.26","0.11","2019"
"대한항공","003490","17,800","-2.71","0.61","0.13","2019"
"영진약품","003520","6,370","233.01","10.07","5.28","2019"
"한화투자증권","003530","1,765","3.84","0.33","1.09","2019"
"대신증권","003540","10,350","5.59","0.26","1.1","2019"
"LG","003550","84,800","13.22","0.77","2.23","2019"
"아이에이치큐","003560","1,405","-3.1","1.5","2.07","2019"
"S&T중공업","003570","5,120","10.26","0.28","0.45","2019"
"넥스트사이언스","003580","5,100","-6.33","1.79","4.14","2019"
"방림","003610","2,040","15.14","0.45","0.65","2019"
"쌍용자동차","003620","3,635","-1.6","1.35","0.15","2019"
"미창석유공업","003650","59,500","5.85","0.4","0.32","2019"
"포스코케미칼","003670","90,700","54.66","5.5","3.73","2019"
"한성기업","003680","14,150","-5.02","1.75","0.32","2019"
"코리안리","003690","7,420","4.73","0.36","0.11","2019"
"삼영화학공업","003720","1,945","-34.81","1.49","0.6","2019"
"진양산업","003780","3,560","6.81","1.13","0.75","2019"
"대한화섬","003830","82,600","4.88","0.21","0.96","2019"
"보령제약","003850","15,750","21.62","2.46","1.33","2019"
"남양유업","003920","269,500","6.65","0.21","0.19","2019"
"사조대림","003960","14,000","1.47","0.3","0.1","2019"
"롯데정밀화학","004000","44,950","6.89","0.78","0.88","2019"
"현대제철","004020","25,600","133.45","0.2","0.17","2019"
"SG세계물산","004060","588","12.27","0.58","0.38","2019"
"신흥","004080","9,180","44.06","1.0","0.72","2019"
"한국석유공업","004090","99,300","-8.45","0.47","0.13","2019"
"태양금속공업","004100","992","-1.65","0.51","0.08","2019"
"동방","004140","2,430","-9.35","0.7","0.13","2019"
"한솔홀딩스","004150","3,525","6.32","0.36","0.31","2019"
"신세계","004170","205,500","3.41","0.37","0.32","2019"
"엔피씨","004250","3,000","7.65","0.39","0.24","2019"
"남성","004270","2,480","-40.82","1.05","1.23","2019"
"현대약품","004310","6,410","170.93","2.34","1.52","2019"
"세방","004360","9,800","34.41","0.23","0.26","2019"
"농심","004370","364,000","31.14","1.14","0.94","2019"
"삼익THK","004380","10,000","63.64","1.12","0.91","2019"
"서울식품공업","004410","161","-27.16","2.17","0.87","2019"
"송원산업","004430","12,050","8.26","0.66","0.36","2019"
"대림씨엔에스","004440","8,180","38.57","0.37","0.53","2019"
"삼화왕관","004450","39,600","10.15","0.59","0.74","2019"
"세방전지","004490","26,950","4.81","0.36","0.33","2019"
"깨끗한나라","004540","5,630","-17.77","1.29","0.35","2019"
"현대비앤지스틸","004560","7,310","5.06","0.27","0.15","2019"
"삼천리","004690","73,300","8.26","0.21","0.09","2019"
"조광피혁","004700","62,000","28.43","1.5","3.81","2019"
"한솔테크닉스","004710","8,630","43.3","1.06","0.29","2019"
"우리들제약","004720","18,350","1072.19","3.82","2.25","2019"
"써니전자","004770","3,965","222.87","2.48","5.22","2019"
"효성","004800","67,200","9.44","0.52","0.42","2019"
"덕성","004830","5,030","394.35","1.25","0.91","2019"
"DRB동일","004840","8,250","12.18","0.36","0.3","2019"
"티웨이홀딩스","004870","958","-1.54","0.3","0.09","2019"
"동일산업","004890","69,500","44.35","0.48","0.48","2019"
"조광페인트","004910","5,480","-30.5","0.41","0.34","2019"
"씨아이테크","004920","996","-3.91","0.58","0.44","2019"
"한신공영","004960","14,350","2.3","0.32","0.1","2019"
"신라교역","004970","9,550","14.83","0.29","0.41","2019"
"성신양회","004980","6,890","9.71","0.42","0.24","2019"
"롯데지주","004990","30,550","-7.79","0.41","0.36","2019"
"휴스틸","005010","6,640","-4.05","0.13","0.09","2019"
"부산주공","005030","408","-0.8","0.57","0.08","2019"
"코스모신소재","005070","16,100","-79.81","3.2","1.93","2019"
"삼광글라스","005090","34,300","416.23","0.53","0.59","2019"
"한창","005110","1,220","-23.58","1.59","0.62","2019"
"빙그레","005180","57,800","13.85","1.0","0.65","2019"
"동성화학","005190","15,800","6.2","0.68","0.42","2019"
"녹십자홀딩스","005250","27,000","-41.63","0.84","0.83","2019"
"롯데칠성음료","005300","94,000","-5.22","0.61","0.31","2019"
"국동","005320","3,590","-24.77","1.54","0.44","2019"
"모나미","005360","7,250","-80.59","1.81","1.04","2019"
"현대자동차","005380","172,000","11.54","0.48","0.35","2019"
"신성통상","005390","1,795","49.61","1.12","0.27","2019"
"코스모화학","005420","11,150","-15.65","1.28","0.72","2019"
"한국공항","005430","30,100","5.85","0.3","0.18","2019"
"현대그린푸드","005440","7,140","10.92","0.33","0.22","2019"
"포스코","005490","189,500","8.33","0.35","0.26","2019"
"삼진제약","005500","29,250","35.98","2.06","1.68","2019"
"SPC삼립","005610","60,500","25.84","1.62","0.21","2019"
"삼영전자공업","005680","8,400","19.53","0.35","0.84","2019"
"파미셀","005690","21,950","306.07","25.51","40.5","2019"
"넥센","005720","3,780","1.78","0.1","0.09","2019"
"크라운해태홀딩스","005740","8,540","-5.64","0.28","0.12","2019"
"대림비앤코","005750","4,795","39.97","0.5","0.34","2019"
"신영와코루","005800","95,900","22.71","0.28","0.49","2019"
"풍산홀딩스","005810","25,000","8.09","0.27","0.74","2019"
"원림","005820","18,100","9.26","0.34","0.5","2019"
"DB손해보험","005830","44,350","8.21","0.51","0.22","2019"
"에스엘","005850","12,000","6.64","0.42","0.26","2019"
"휴니드테크놀러지스","005870","5,980","10.55","0.73","0.43","2019"
"대한해운","005880","15,700","3.8","0.43","0.38","2019"
"삼성전자","005930","55,400","15.21","1.26","1.44","2019"
"NH투자증권","005940","9,190","5.43","0.48","1.86","2019"
"이수화학","005950","8,530","-7.38","0.37","0.09","2019"
"동부건설","005960","11,100","4.05","0.58","0.21","2019"
"동원산업","006040","212,000","15.17","0.72","0.29","2019"
"화승인더스트리","006060","6,680","4.57","0.82","0.26","2019"
"사조오양","006090","8,510","6.07","0.48","0.26","2019"
"삼아알미늄","006110","5,720","12.58","0.58","0.33","2019"
"SK디스커버리","006120","70,200","5.34","0.58","0.27","2019"
"한국전자홀딩스","006200","538","-1.06","0.1","0.12","2019"
"제주은행","006220","2,980","3.43","0.19","0.48","2019"
"LS","006260","42,300","14.68","0.32","0.13","2019"
"녹십자","006280","264,000","-273.04","2.61","2.25","2019"
"대원전선","006340","943","-80.28","0.8","0.16","2019"
"GS건설","006360","25,200","4.51","0.49","0.19","2019"
"대구백화점","006370","5,820","-3.26","0.22","0.62","2019"
"카프로","006380","2,435","-1.18","0.53","0.22","2019"
"한일현대시멘트","006390","26,750","10.89","2.2","1.17","2019"
"삼성SDI","006400","466,000","79.63","2.53","3.17","2019"
"인스코비","006490","2,240","-8.75","8.48","2.89","2019"
"대림통상","006570","4,300","-5.6","0.71","0.36","2019"
"대한유화","006650","114,000","6.97","0.42","0.36","2019"
"삼성공조","006660","6,170","10.03","0.23","0.67","2019"
"영풍제지","006740","3,540","8.45","0.66","0.79","2019"
"미래에셋대우","006800","9,490","9.41","0.68","3.16","2019"
"AK홀딩스","006840","16,900","3.9","0.16","0.06","2019"
"신송홀딩스","006880","3,630","-1.25","0.47","0.16","2019"
"태경케미컬","006890","7,760","9.19","0.76","2.15","2019"
"우성사료","006980","3,095","8.04","0.55","0.28","2019"
"GS리테일","007070","31,950","17.13","0.96","0.27","2019"
"일신석재","007110","2,035","175.14","3.03","2.36","2019"
"미래아이앤지","007120","348","3.22","0.65","6.01","2019"
"사조산업","007160","30,000","-10.42","0.31","0.2","2019"
"벽산","007210","2,370","-95.58","0.56","0.37","2019"
"한국특수형강","007280","1,415","-2.05","0.68","0.12","2019"
"오뚜기","007310","609,000","22.0","1.63","0.93","2019"
"디티알오토모티브","007340","22,000","3.22","0.35","0.24","2019"
"에이프로젠 KIC","007460","2,885","26.72","0.84","5.67","2019"
"샘표","007540","51,900","6.04","0.58","0.53","2019"
"일양약품","007570","80,000","77.9","6.85","4.7","2019"
"동방아그로","007590","6,150","12.88","0.61","0.67","2019"
"선도전기","007610","2,470","-20.21","0.51","0.5","2019"
"폴루스바이오팜","007630","1,225","-3.62","0.81","5.07","2019"
"이수페타시스","007660","5,090","-2.31","2.76","0.41","2019"
"국도화학","007690","38,700","6.41","0.43","0.2","2019"
"F&F","007700","94,200","13.2","3.0","1.59","2019"
"코리아써키트","007810","12,650","142.29","0.77","0.55","2019"
"서연","007860","9,640","-2.38","0.28","0.1","2019"
"태평양물산","007980","1,835","8.18","0.5","0.09","2019"
"사조동아원","008040","830","130.17","0.59","0.28","2019"
"대덕","008060","6,060","7.32","0.45","0.44","2019"
"대동전자","008110","4,285","12.84","0.33","0.94","2019"
"이건산업","008250","7,740","84.78","0.47","0.3","2019"
"NI스틸","008260","2,115","9.45","0.55","0.41","2019"
"남선알미늄","008350","5,290","40.2","3.25","1.79","2019"
"문배철강","008420","2,565","21.91","0.47","0.32","2019"
"서흥","008490","57,600","17.82","2.03","1.45","2019"
"일정실업","008500","11,150","-0.98","0.45","0.34","2019"
"메리츠증권","008560","3,280","3.65","0.5","1.75","2019"
"윌비스","008600","1,160","-1.95","0.7","0.26","2019"
"아남전자","008700","1,500","289.22","2.0","0.48","2019"
"율촌화학","008730","15,350","20.92","1.11","0.75","2019"
"호텔신라","008770","70,800","16.4","3.02","0.49","2019"
"금비","008870","54,700","5.16","0.33","0.27","2019"
"한미사이언스","008930","56,800","122.13","5.81","4.59","2019"
"동양철관","008970","989","65.32","1.47","0.72","2019"
"케이씨티시","009070","2,240","8.2","0.34","0.15","2019"
"경인전자","009140","18,850","148.07","0.54","2.23","2019"
"삼성전기","009150","129,000","18.25","1.77","1.2","2019"
"SIMPAC","009160","2,310","15.91","0.34","0.35","2019"
"한솔로지스틱스","009180","2,215","10.32","1.29","0.13","2019"
"대양금속","009190","3,810","22.9","1.2","0.53","2019"
"무림페이퍼","009200","2,225","-13.61","0.13","0.08","2019"
"한샘","009240","98,000","54.01","3.76","1.36","2019"
"신원","009270","1,430","243.22","0.6","0.18","2019"
"광동제약","009290","9,900","22.86","1.16","0.42","2019"
"참엔지니어링","009310","1,285","-4.08","0.85","0.6","2019"
"대우부품","009320","2,380","-45.36","3.06","2.12","2019"
"태영건설","009410","21,600","16.59","1.05","0.42","2019"
"한올바이오파마","009420","34,500","93.87","12.84","16.61","2019"
"KC그린홀딩스","009440","3,475","5.45","0.26","0.11","2019"
"경동나비엔","009450","52,200","23.84","2.21","0.86","2019"
"한창제지","009460","2,010","16.21","1.39","0.66","2019"
"삼화전기","009470","18,000","33.07","1.94","0.61","2019"
"한국조선해양","009540","87,600","29.09","0.48","0.41","2019"
"무림P&P","009580","3,130","18.77","0.31","0.31","2019"
"모토닉","009680","9,260","26.81","0.75","1.47","2019"
"삼정펄프","009770","27,950","14.87","0.38","0.48","2019"
"엔케이물산","009810","347","-8.79","0.7","3.3","2019"
"한화솔루션","009830","37,650","-24.43","1.05","0.64","2019"
"영원무역홀딩스","009970","34,650","2.08","0.18","0.17","2019"
"한국내화","010040","3,235","17.2","0.53","0.33","2019"
"우리종금","010050","552","6.97","1.01","1.81","2019"
"OCI","010060","63,100","-1.86","0.56","0.58","2019"
"한국프랜지공업","010100","2,360","6.59","0.31","0.08","2019"
"엘에스일렉트릭","010120","54,400","15.84","1.2","0.7","2019"
"고려아연","010130","398,500","11.78","1.1","1.12","2019"
"삼성중공업","010140","5,250","-2.51","0.63","0.45","2019"
"우진아이엔에스","010400","7,420","26.93","0.53","0.53","2019"
"한솔피엔에스","010420","1,430","9.16","0.71","0.13","2019"
"지코","010580","306","-1.94","0.97","0.25","2019"
"웰바이오텍","010600","2,940","-7.62","1.67","1.51","2019"
"현대미포조선","010620","30,850","20.13","0.52","0.41","2019"
"진양폴리우레탄","010640","2,735","3.6","1.03","0.78","2019"
"화천기계","010660","3,080","-11.11","0.54","0.42","2019"
"화신","010690","2,465","13.04","0.29","0.07","2019"
"평화홀딩스","010770","2,900","-1.95","0.34","0.07","2019"
"아이에스동서","010780","43,800","18.21","1.06","1.4","2019"
"퍼스텍","010820","2,080","-9.26","3.56","0.77","2019"
"S-Oil","010950","57,400","98.81","0.99","0.26","2019"
"삼호개발","010960","4,075","4.74","0.53","0.28","2019"
"진원생명과학","011000","26,200","-107.43","33.88","19.82","2019"
"LG이노텍","011070","147,000","34.01","1.58","0.42","2019"
"에넥스","011090","994","-15.69","1.1","0.16","2019"
"CJ씨푸드","011150","5,510","109.99","3.08","1.33","2019"
"롯데케미칼","011170","182,500","8.27","0.45","0.41","2019"
"HMM","011200","5,550","-2.98","1.61","0.32","2019"
"현대위아","011210","41,700","20.54","0.37","0.16","2019"
"삼화전자공업","011230","2,715","-8.87","1.75","0.68","2019"
"태림포장","011280","3,995","13.04","0.88","0.49","2019"
"성안","011300","388","-1.36","0.28","0.1","2019"
"유니켐","011330","1,310","5.44","0.99","0.81","2019"
"부산산업","011390","116,500","17.83","1.58","0.87","2019"
"갤럭시아에스엠","011420","1,350","-26.57","1.71","1.3","2019"
"한농화성","011500","5,440","8.51","0.71","0.42","2019"
"유양디앤유","011690","1,220","-7.47","0.61","0.66","2019"
"한신기계공업","011700","1,405","28.49","0.56","0.86","2019"
"현대종합상사","011760","13,400","10.81","0.52","0.04","2019"
"금호석유화학","011780","98,100","10.14","1.14","0.6","2019"
"SKC","011790","95,200","53.02","2.07","1.41","2019"
"STX","011810","5,140","-3.05","1.8","0.07","2019"
"신성이엔지","011930","1,515","125.33","2.15","0.58","2019"
"DB","012030","701","32.05","0.67","0.59","2019"
"영흥","012160","1,120","87.39","0.58","0.49","2019"
"키위미디어그룹","012170","150","-0.01","-0.07","0.02","2019"
"계양전기","012200","3,150","1026.9","0.56","0.27","2019"
"영화금속","012280","1,725","261.34","1.11","0.34","2019"
"경동인베스트","012320","26,500","7.04","0.15","0.23","2019"
"현대모비스","012330","226,000","9.39","0.66","0.57","2019"
"한화에어로스페이스","012450","25,600","8.13","0.46","0.25","2019"
"더존비즈온","012510","99,800","58.07","8.16","11.27","2019"
"청호컴넷","012600","8,310","-3.67","10.33","1.06","2019"
"경인양행","012610","7,830","19.47","1.34","0.89","2019"
"HDC","012630","11,200","2.43","0.28","0.41","2019"
"모나리자","012690","6,790","103.47","3.81","2.1","2019"
"에스원","012750","89,600","23.22","2.56","1.58","2019"
"대창","012800","1,090","21.14","0.46","0.11","2019"
"세우글로벌","013000","1,925","552.57","1.39","2.01","2019"
"일성건설","013360","890","25.31","0.53","0.13","2019"
"화승알앤에이","013520","1,680","4.62","0.41","0.07","2019"
"디와이","013570","3,995","3.28","0.22","0.12","2019"
"계룡건설산업","013580","23,600","2.83","0.42","0.09","2019"
"까뮤이앤씨","013700","1,185","3.96","0.75","0.19","2019"
"지엠비코리아","013870","5,010","53.08","0.41","0.2","2019"
"지누스","013890","83,800","16.44","3.18","1.46","2019"
"한익스프레스","014130","6,320","13.08","1.05","0.13","2019"
"대영포장","014160","1,085","10.89","0.78","0.44","2019"
"금강공업","014280","3,575","-17.46","0.25","0.16","2019"
"영보화학","014440","4,010","16.71","0.55","0.61","2019"
"극동유화","014530","3,050","7.49","0.63","0.13","2019"
"태경비케이","014580","3,595","10.12","0.49","0.53","2019"
"한솔케미칼","014680","164,000","20.36","3.56","3.15","2019"
"사조씨푸드","014710","3,880","-11.93","0.33","0.19","2019"
"한라","014790","3,425","49.31","0.51","0.1","2019"
"동원시스템즈","014820","21,400","11.71","0.96","0.53","2019"
"유니드","014830","47,050","6.2","0.59","0.48","2019"
"성문전자","014910","1,540","-16.67","1.1","0.84","2019"
"인디에프","014990","1,680","-30.94","1.58","0.49","2019"
"이스타코","015020","663","2.58","0.58","1.19","2019"
"대창단조","015230","25,500","4.67","0.38","0.26","2019"
"에이엔피","015260","178","-2.38","0.25","0.14","2019"
"부산도시가스","015350","48,500","10.91","0.8","0.55","2019"
"예스코홀딩스","015360","35,100","9.53","0.35","0.19","2019"
"쎌마테라퓨틱스","015540","9,020","-3.41","26.32","10.94","2019"
"큐로","015590","559","36.21","1.18","0.79","2019"
"한국전력공사","015760","20,700","-5.87","0.19","0.22","2019"
"일진홀딩스","015860","5,350","11.79","0.51","0.29","2019"
"태경산업","015890","4,925","5.62","0.42","0.28","2019"
"대현","016090","1,700","4.53","0.38","0.25","2019"
"삼성증권","016360","30,750","7.01","0.55","2.25","2019"
"KG동부제철","016380","12,050","-35.97","1.35","0.5","2019"
"한세예스24홀딩스","016450","4,475","57.74","0.3","0.06","2019"
"환인제약","016580","15,950","15.95","1.08","1.86","2019"
"신대양제지","016590","54,800","3.05","0.38","0.34","2019"
"DB금융투자","016610","3,685","2.68","0.19","0.52","2019"
"대성홀딩스","016710","15,850","14.25","0.47","0.28","2019"
"두올","016740","3,465","7.16","0.53","0.2","2019"
"퍼시스","016800","28,400","9.61","0.74","1.07","2019"
"웅진","016880","1,045","-0.36","0.3","0.1","2019"
"광명전기","017040","1,710","10.44","0.7","0.56","2019"
"명문제약","017180","6,350","-8.0","2.07","1.11","2019"
"우신시스템","017370","3,000","10.37","0.48","0.18","2019"
"서울도시가스","017390","66,600","11.29","0.34","0.24","2019"
"수산중공업","017550","1,600","863.76","0.86","0.55","2019"
"SK텔레콤","017670","242,500","22.72","0.86","1.1","2019"
"현대엘리베이터","017800","41,000","38.37","1.76","0.89","2019"
"풀무원","017810","19,100","-97.01","1.57","0.31","2019"
"광전자","017900","2,040","34.77","0.53","0.71","2019"
"E1","017940","47,950","-6.28","0.27","0.07","2019"
"한국카본","017960","8,950","22.23","1.26","1.44","2019"
"애경산업","018250","21,850","13.87","1.7","0.82","2019"
"삼성에스디에스","018260","158,500","16.34","1.82","1.14","2019"
"조일알미늄","018470","603","-0.55","0.37","0.14","2019"
"동원금속","018500","688","-1.41","0.81","0.07","2019"
"SK가스","018670","93,300","5.59","0.52","0.17","2019"
"한온시스템","018880","13,050","21.59","2.98","0.97","2019"
"신풍제약","019170","111,000","3267.41","28.05","31.0","2019"
"티에이치엔","019180","2,350","2.47","0.67","0.11","2019"
"세아특수강","019440","10,650","8.3","0.28","0.13","2019"
"하이트론씨스템즈","019490","2,755","-0.86","0.89","0.44","2019"
"대교","019680","4,035","19.87","0.56","0.45","2019"
"한섬","020000","30,350","8.76","0.71","0.59","2019"
"키다리스튜디오","020120","8,720","64.3","7.04","5.54","2019"
"일진머티리얼즈","020150","50,200","49.46","2.81","4.21","2019"
"아시아나항공","020560","4,315","-1.18","1.06","0.14","2019"
"일진디스플","020760","3,015","-2.81","1.7","0.89","2019"
"서원","021050","3,740","57.28","1.65","0.69","2019"
"코웨이","021240","82,700","18.37","5.67","2.02","2019"
"세원정공","021820","8,090","-4.4","0.16","0.42","2019"
"삼원강재","023000","2,190","8.42","0.42","0.33","2019"
"MH에탄올","023150","9,620","-9.34","0.89","0.88","2019"
"한국종합기술","023350","3,945","-12.0","0.45","0.2","2019"
"동남합성","023450","35,100","7.14","1.71","1.01","2019"
"롯데쇼핑","023530","76,800","-2.59","0.18","0.12","2019"
"다우기술","023590","19,500","2.21","0.33","0.27","2019"
"인지컨트롤스","023800","7,750","-15.06","0.63","0.24","2019"
"인팩","023810","4,280","-8.73","0.39","0.12","2019"
"에쓰씨엔지니어링","023960","1,285","-7.31","0.21","0.13","2019"
"WISCOM","024070","2,290","31.91","0.3","0.3","2019"
"디씨엠","024090","10,800","5.38","0.72","0.87","2019"
"기업은행","024110","8,260","2.95","0.21","0.5","2019"
"한국콜마홀딩스","024720","28,850","7.17","0.86","0.87","2019"
"대원화성","024890","1,805","17.31","0.94","0.56","2019"
"덕양산업","024900","1,860","-3.07","0.99","0.04","2019"
"KPX케미칼","025000","46,550","5.34","0.47","0.29","2019"
"에스제이엠홀딩스","025530","2,480","3.98","0.15","0.23","2019"
"한국단자공업","025540","44,350","14.48","0.65","0.6","2019"
"미래산업","025560","3,115","-7.2","0.81","1.9","2019"
"제이준코스메틱","025620","2,775","-0.88","1.48","1.5","2019"
"한솔홈데코","025750","1,080","-18.92","0.56","0.33","2019"
"이구산업","025820","1,445","-14.21","0.48","0.23","2019"
"남해화학","025860","8,050","24.99","0.92","0.34","2019"
"한국주강","025890","1,325","-1.1","0.47","0.41","2019"
"디피씨","026890","18,100","67.96","4.82","4.56","2019"
"부국철강","026940","5,260","58.44","0.93","0.8","2019"
"동서","026960","24,600","17.46","1.81","4.88","2019"
"BGF","027410","4,095","22.4","0.26","1.63","2019"
"마니커","027740","713","-6.46","1.28","0.47","2019"
"세하","027970","1,405","3.71","1.1","0.23","2019"
"삼성엔지니어링","028050","11,600","7.69","1.75","0.36","2019"
"동아지질","028100","14,450","8.75","0.86","0.44","2019"
"삼성물산","028260","112,500","20.36","0.8","0.69","2019"
"팬오션","028670","3,465","12.54","0.64","0.75","2019"
"케이씨","029460","20,250","4.67","0.54","0.54","2019"
"신도리코","029530","21,500","14.95","0.25","0.51","2019"
"삼성카드","029780","29,150","9.81","0.49","1.38","2019"
"제일기획","030000","17,950","14.8","2.16","0.6","2019"
"케이티","030200","23,750","9.27","0.41","0.25","2019"
"KTB투자증권","030210","2,655","3.19","0.28","0.69","2019"
"교보증권","030610","6,840","2.95","0.26","0.8","2019"
"동원수산","030720","8,940","7.17","0.82","0.25","2019"
"비케이탑스","030790","5,250","-0.75","0.79","0.56","2019"
"신세계인터내셔날","031430","136,500","13.17","1.63","0.68","2019"
"신세계푸드","031440","52,800","46.46","0.65","0.15","2019"
"콤텍시스템","031820","1,360","92.28","0.97","0.39","2019"
"롯데관광개발","032350","18,900","-92.86","4.39","14.81","2019"
"황금에스티","032560","6,490","2.88","0.31","0.37","2019"
"LG유플러스","032640","12,150","12.09","0.72","0.43","2019"
"삼성생명","032830","60,500","11.51","0.32","0.75","2019"
"필룩스","033180","3,450","-23.91","1.03","2.07","2019"
"자화전자","033240","11,700","-698.1","0.75","0.58","2019"
"체시스","033250","2,995","-19.43","2.69","1.29","2019"
"유나이티드","033270","48,100","25.27","3.06","3.53","2019"
"세종공업","033530","7,190","85.35","0.43","0.13","2019"
"아주캐피탈","033660","12,150","6.88","0.86","3.05","2019"
"케이티앤지","033780","84,800","11.21","1.34","2.35","2019"
"무학","033920","5,510","6.63","0.3","0.94","2019"
"두산중공업","034020","13,000","-25.17","0.42","0.17","2019"
"SBS","034120","15,300","13.36","0.43","0.34","2019"
"LG디스플레이","034220","14,850","-1.85","0.43","0.23","2019"
"신세계건설","034300","22,300","5.1","0.45","0.09","2019"
"NICE","034310","18,300","8.92","0.57","0.37","2019"
"인천도시가스","034590","24,600","10.06","0.58","0.19","2019"
"SK","034730","224,000","9.81","0.3","0.16","2019"
"한국토지신탁","034830","1,685","3.93","0.48","1.66","2019"
"지투알","035000","4,880","5.28","0.57","0.15","2019"
"백산","035150","4,335","16.92","0.74","0.22","2019"
"강원랜드","035250","20,900","13.36","1.2","2.94","2019"
"NAVER","035420","333,000","138.31","8.44","8.32","2019"
"신세계I&C","035510","120,000","19.29","1.04","0.45","2019"
"카카오","035720","405,500","-102.26","6.09","11.39","2019"
"제이콘텐트리","036420","26,550","36.09","0.91","0.69","2019"
"한국가스공사","036460","23,850","37.76","0.27","0.09","2019"
"S&T홀딩스","036530","15,050","1.97","0.15","0.16","2019"
"엔씨소프트","036570","856,000","52.32","7.48","11.05","2019"
"팜스코","036580","5,140","-23.6","0.63","0.16","2019"
"YG PLUS","037270","5,500","-76.18","2.86","2.57","2019"
"LG헬로비전","037560","3,950","-3.25","0.32","0.28","2019"
"광주신세계","037710","141,000","4.73","0.34","1.46","2019"
"하나투어","039130","37,650","-36.45","2.01","0.57","2019"
"키움증권","039490","108,000","6.59","1.06","2.76","2019"
"HDC아이콘트롤스","039570","8,240","-22.99","0.8","0.54","2019"
"상신브레이크","041650","2,440","9.53","0.3","0.13","2019"
"대우조선해양","042660","22,800","-52.57","0.65","0.29","2019"
"두산인프라코어","042670","7,880","4.15","0.38","0.2","2019"
"한미반도체","042700","9,970","29.56","2.6","4.74","2019"
"주연테크","044380","1,140","-12.68","1.42","0.86","2019"
"KSS해운","044450","8,220","8.22","0.68","0.82","2019"
"코스맥스비티아이","044820","20,300","-14.03","0.55","0.42","2019"
"대우건설","047040","3,080","6.36","0.51","0.15","2019"
"포스코인터내셔널","047050","13,950","8.5","0.56","0.07","2019"
"유니온머티리얼","047400","4,075","74.41","1.99","1.57","2019"
"한국항공우주","047810","22,450","13.0","1.85","0.7","2019"
"동원F&B","049770","177,500","10.43","1.01","0.23","2019"
"우진플라임","049800","3,500","-2.57","0.67","0.19","2019"
"한전KPS","051600","28,000","8.22","1.18","1.01","2019"
"진양화학","051630","3,500","-20.0","1.57","0.94","2019"
"LG생활건강","051900","1,509,000","29.9","5.56","3.07","2019"
"LG화학","051910","759,000","142.46","3.08","1.87","2019"
"한전기술","052690","15,750","22.8","1.22","1.34","2019"
"케이티스카이라이프","053210","8,880","7.58","0.6","0.61","2019"
"한미글로벌","053690","7,820","3.66","0.69","0.29","2019"
"테이팩스","055490","25,600","15.89","1.2","1.07","2019"
"신한지주","055550","30,300","3.94","0.34","0.91","2019"
"현대홈쇼핑","057050","61,800","8.63","0.43","0.34","2019"
"포스코강판","058430","12,350","28.5","0.34","0.08","2019"
"세아홀딩스","058650","71,200","5.87","0.09","0.06","2019"
"다스코","058730","4,895","39.68","0.61","0.35","2019"
"KTcs","058850","2,065","11.75","0.54","0.09","2019"
"KTis","058860","2,435","9.21","0.5","0.19","2019"
"한라홀딩스","060980","27,100","6.9","0.32","0.36","2019"
"종근당바이오","063160","54,000","24.08","1.87","2.16","2019"
"현대로템","064350","15,050","-3.6","1.45","0.52","2019"
"S&T모티브","064960","54,500","215.39","1.08","0.82","2019"
"LG전자","066570","85,900","78.14","0.86","0.23","2019"
"세이브존I&C","067830","2,510","4.62","0.23","0.65","2019"
"셀트리온","068270","304,500","137.64","14.11","36.35","2019"
"삼성출판사","068290","19,400","29.39","1.6","0.96","2019"
"SK렌터카","068400","8,400","11.41","0.54","0.29","2019"
"휴켐스","069260","17,950","10.44","1.09","1.11","2019"
"대호에이엘","069460","1,820","-14.11","1.88","0.42","2019"
"대웅제약","069620","113,000","45.31","2.06","1.18","2019"
"한세엠케이","069640","2,670","-0.79","0.34","0.11","2019"
"DSR제강","069730","4,120","8.72","0.42","0.31","2019"
"현대백화점","069960","55,700","5.36","0.26","0.59","2019"
"용평리조트","070960","3,925","-13.69","0.48","1.46","2019"
"한국금융지주","071050","62,300","4.1","0.69","2.48","2019"
"하이스틸","071090","16,150","-4.49","0.25","0.19","2018"
"지역난방공사","071320","33,450","-15.13","0.25","0.16","2019"
"롯데하이마트","071840","30,300","-7.16","0.37","0.18","2019"
"코아스","071950","1,040","15.31","1.27","0.28","2019"
"STX중공업","071970","2,215","-1.79","0.46","0.24","2019"
"유엔젤","072130","4,550","-11.77","1.7","2.26","2019"
"농심홀딩스","072710","79,200","10.04","0.4","0.68","2019"
"금호타이어","073240","3,440","-22.77","0.76","0.42","2019"
"이엔플러스","074610","4,725","-5.13","3.83","4.35","2019"
"새론오토모티브","075180","4,100","-9.48","0.37","0.52","2019"
"세진중공업","075580","5,560","68.82","1.31","0.72","2019"
"유니퀘스트","077500","9,400","11.43","1.19","0.76","2019"
"STX엔진","077970","5,320","6.0","0.52","0.2","2019"
"텔코웨어","078000","12,450","28.09","1.09","2.89","2019"
"에이블씨엔씨","078520","7,660","-21.57","0.81","0.49","2019"
"GS","078930","33,250","4.62","0.28","0.17","2019"
"CJ CGV","079160","20,950","-2.0","0.79","0.25","2019"
"현대리바트","079430","16,450","17.32","0.74","0.27","2019"
"LIG넥스원","079550","31,750","218.28","1.1","0.48","2019"
"휴비스","079980","8,620","-991.3","0.75","0.29","2019"
"일진다이아","081000","57,000","63.25","4.39","5.03","2019"
"휠라홀딩스","081660","37,050","6.7","1.26","0.66","2019"
"동양생명","082640","2,985","4.18","0.19","0.11","2019"
"HSD엔진","082740","4,835","-3.85","0.85","0.24","2019"
"그린케미칼","083420","3,860","16.54","0.85","0.4","2019"
"대한제강","084010","6,220","5.18","0.33","0.15","2019"
"동양고속","084670","26,150","2.32","0.57","0.54","2019"
"이월드","084680","3,415","23.96","0.8","1.69","2019"
"대상홀딩스","084690","11,650","3.05","0.35","0.12","2019"
"티비에이치글로벌","084870","1,660","-0.45","0.32","0.16","2019"
"엔케이","085310","913","-2.75","0.81","0.67","2019"
"미래에셋생명","085620","3,780","6.11","0.29","0.36","2019"
"현대글로비스","086280","144,500","10.79","1.16","0.3","2019"
"하나금융지주","086790","28,950","3.58","0.3","0.78","2019"
"이리츠코크렙","088260","5,260","51.26","1.24","16.02","2019"
"한화생명","088350","1,525","22.56","0.09","0.08","2019"
"진도","088790","2,640","-12.17","0.33","0.42","2019"
"HDC현대EP","089470","4,835","11.68","0.54","0.18","2019"
"제주항공","089590","13,900","-11.07","1.13","0.26","2019"
"평화산업","090080","1,055","-8.04","1.73","0.16","2019"
"노루페인트","090350","6,990","7.4","0.43","0.22","2019"
"메타랩스","090370","1,245","-2.56","1.11","0.75","2019"
"아모레퍼시픽","090430","170,500","44.54","2.22","1.79","2019"
"세원셀론텍","091090","2,745","-29.37","0.95","0.92","2019"
"티웨이항공","091810","2,620","-2.85","0.65","0.15","2019"
"디아이씨","092200","1,570","-1.1","0.33","0.11","2019"
"KEC","092220","806","-4.77","0.44","0.47","2019"
"KPX홀딩스","092230","41,250","2.3","0.15","0.17","2019"
"기신정기","092440","3,105","6.0","0.39","0.76","2019"
"동양피스톤","092780","4,690","6.18","0.57","0.17","2019"
"LF","093050","12,650","5.33","0.27","0.2","2019"
"이아이디","093230","209","229.21","0.83","0.81","2019"
"형지엘리트","093240","2,075","-6.73","1.02","0.42","2019"
"후성","093370","7,920","3667.24","3.02","2.95","2019"
"효성 ITX","094280","27,950","29.91","6.25","0.83","2019"
"AJ네트웍스","095570","3,135","3.49","0.42","0.12","2019"
"웅진씽크빅","095720","2,700","-2.57","0.75","0.56","2019"
"JW홀딩스","096760","5,160","-10.85","0.97","0.47","2019"
"SK이노베이션","096770","157,000","220.63","0.8","0.29","2019"
"한진중공업","097230","6,220","1.69","2.11","0.32","2019"
"CJ제일제당","097950","416,500","32.83","0.66","0.28","2019"
"비상교육","100220","7,770","9.02","0.47","0.51","2019"
"진양홀딩스","100250","2,430","5.93","0.36","0.6","2019"
"S&TC","100840","15,100","7.31","0.46","0.53","2019"
"SBS미디어홀딩스","101060","1,920","-2.56","0.45","1.12","2019"
"비티원","101140","3,880","11.75","2.33","15.7","2019"
"해태제과식품","101530","8,920","-7.48","1.06","0.38","2019"
"동성코퍼레이션","102260","3,910","7.11","0.42","0.21","2019"
"쌍방울","102280","668","-2.67","0.58","1.01","2019"
"이연제약","102460","21,000","59.69","1.58","2.68","2019"
"풍산","103140","23,050","36.7","0.47","0.26","2019"
"일진전기","103590","2,595","26.73","0.32","0.14","2019"
"한국철강","104700","4,400","10.61","0.28","0.28","2019"
"KB금융","105560","38,000","4.77","0.4","1.08","2019"
"한세실업","105630","15,750","-36.42","1.38","0.33","2019"
"우진","105840","3,500","-5.05","0.53","0.8","2019"
"미원홀딩스","107590","52,500","7.51","0.62","0.65","2019"
"LG하우시스","108670","57,000","44.07","0.56","0.16","2019"
"컨버즈","109070","4,100","-1.23","4.07","0.28","2019"
"호전실업","111110","8,530","25.27","0.55","0.22","2019"
"영원무역","111770","29,500","7.5","0.66","0.55","2019"
"씨에스윈드","112610","94,600","47.13","4.42","2.05","2019"
"GKL","114090","11,850","10.12","1.25","1.49","2019"
"락앤락","115390","10,700","35.35","0.85","1.19","2019"
"대성에너지","117580","4,970","10.51","0.45","0.18","2019"
"우리들휴브레인","118000","5,760","-42.16","5.64","3.6","2019"
"KC코트렐","119650","5,180","96.2","0.88","0.22","2019"
"조선선재","120030","98,300","9.66","1.12","1.93","2019"
"코오롱인더","120110","32,350","39.49","0.41","0.2","2019"
"아이마켓코리아","122900","7,790","10.85","0.66","0.1","2019"
"한국화장품","123690","12,900","-12.05","5.89","1.58","2019"
"에스제이엠","123700","2,435","5.0","0.22","0.24","2019"
"한국자산신탁","123890","3,480","4.82","0.65","1.93","2019"
"현대에이치씨엔","126560","3,685","11.0","0.56","1.42","2019"
"대성산업","128820","3,540","-2.54","0.41","0.18","2019"
"한미약품","128940","313,500","58.1","4.52","3.33","2019"
"인터지스","129260","2,920","-1.97","0.48","0.18","2019"
"한전산업","130660","3,315","6.25","1.26","0.34","2019"
"화인베스틸","133820","2,330","-9.18","0.75","0.51","2019"
"미원화학","134380","52,500","8.55","1.13","0.75","2019"
"시디즈","134790","63,400","16.26","3.95","0.66","2019"
"선진","136490","9,880","11.57","0.71","0.23","2019"
"메리츠금융지주","138040","9,290","1.66","0.22","0.71","2019"
"엔에스쇼핑","138250","11,750","-52.79","0.93","0.8","2019"
"코오롱플라스틱","138490","4,295","30.22","0.83","0.49","2019"
"BNK금융지주","138930","5,190","2.82","0.18","0.47","2019"
"DGB금융지주","139130","5,400","2.52","0.17","0.42","2019"
"이마트","139480","116,500","14.51","0.32","0.17","2019"
"에이리츠","140910","6,570","3.37","0.78","0.41","2019"
"핸즈코퍼레이션","143210","7,830","24.11","0.53","0.28","2019"
"코오롱머티리얼","144620","3,150","-4.83","3.06","2.18","2019"
"세화아이엠씨","145210","1,230","-6.58","1.68","0.36","2019"
"케이탑리츠","145270","751","6.43","0.51","2.43","2019"
"덴티움","145720","36,950","29.85","1.98","1.62","2019"
"삼양사","145990","68,100","13.25","0.54","0.33","2019"
"코리아오토글라스","152330","14,400","8.73","0.8","0.63","2019"
"하이골드3호","153360","1,335","23.96","0.86","2.42","2019"
"DSR","155660","3,940","7.16","0.41","0.27","2019"
"바다로19호","155900","2,580","7.26","0.88","6.13","2019"
"애경유화","161000","6,810","7.18","0.61","0.21","2019"
"한국타이어앤테크놀로지","161390","29,500","8.51","0.51","0.53","2019"
"한국콜마","161890","45,600","31.05","1.23","0.68","2019"
"동일고무벨트","163560","11,500","18.91","0.81","0.6","2019"
"동아에스티","170900","93,600","11.15","1.22","1.29","2019"
"하이골드12호","172580","1,985","4.89","0.88","2.47","2019"
"JB금융지주","175330","4,325","2.35","0.22","0.45","2019"
"한진칼","180640","72,800","-16.62","3.03","3.58","2019"
"엔에이치엔","181710","73,100","61.65","0.78","0.96","2019"
"아세아시멘트","183190","54,300","7.32","0.26","0.25","2019"
"종근당","185750","183,000","37.59","4.19","1.85","2019"
"더블유게임즈","192080","71,500","11.84","2.02","2.54","2019"
"쿠쿠홀딩스","192400","91,800","8.22","0.97","1.24","2019"
"드림텍","192650","14,050","36.67","3.88","1.53","2019"
"코스맥스","192820","103,000","56.57","3.27","0.78","2019"
"제이에스코퍼레이션","194370","8,030","13.06","0.68","0.42","2019"
"해성디에스","195870","18,850","17.61","1.54","0.84","2019"
"서연이화","200880","4,005","-2.24","0.17","0.05","2019"
"모두투어리츠","204210","2,750","7.97","0.49","2.83","2019"
"만도","204320","29,500","11.72","0.87","0.23","2019"
"삼성바이오로직스","207940","799,000","260.55","12.14","75.35","2019"
"디와이파워","210540","9,900","5.72","0.65","0.32","2019"
"SK디앤디","210980","41,750","17.66","2.19","1.74","2019"
"한솔제지","213500","13,250","7.88","0.52","0.16","2019"
"이노션","214320","53,600","11.33","1.37","0.84","2019"
"금호에이치티","214330","3,500","-2682.4","1.55","1.07","2019"
"경보제약","214390","11,500","51.87","1.84","1.43","2019"
"토니모리","214420","9,820","-30.39","1.76","1.01","2019"
"잇츠한불","226320","28,400","84.16","1.31","3.05","2019"
"현대코퍼레이션홀딩스","227840","9,990","9.37","0.51","0.49","2019"
"LS전선아시아","229640","6,670","11.95","1.27","0.39","2019"
"JW생명과학","234080","18,950","13.7","2.45","1.76","2019"
"두산밥캣","241560","26,450","9.74","0.67","0.59","2019"
"화승엔터프라이즈","241590","11,100","10.31","1.83","0.56","2019"
"샘표식품","248170","47,000","8.01","1.37","0.76","2019"
"일동제약","249420","17,300","-30.73","1.63","0.8","2019"
"넷마블","251270","152,500","77.01","2.81","6.0","2019"
"크라운제과","264900","8,280","5.49","0.73","0.27","2019"
"현대중공업지주","267250","233,000","32.91","0.32","0.14","2019"
"현대일렉트릭","267260","11,500","-1.57","0.59","0.23","2019"
"현대건설기계","267270","21,950","8.5","0.27","0.15","2019"
"경동도시가스","267290","16,550","3.97","0.29","0.07","2019"
"아시아나IDT","267850","21,000","-28.78","1.65","0.95","2019"
"미원에스씨","268280","85,500","11.37","1.81","1.19","2019"
"오리온","271560","143,000","25.64","3.39","2.79","2019"
"제일약품","271980","54,300","-75.33","4.69","1.19","2019"
"한화시스템","272210","10,000","15.12","1.14","0.71","2019"
"진에어","272450","8,880","-4.7","1.39","0.29","2019"
"삼양패키징","272550","21,500","10.76","1.07","0.81","2019"
"롯데제과","280360","101,500","15.66","0.5","0.31","2019"
"케이씨텍","281820","19,500","10.48","1.34","1.46","2019"
"BGF리테일","282330","121,500","13.87","3.37","0.35","2019"
"동아타이어","282690","9,900","5.5","0.38","0.87","2019"
"쿠쿠홈시스","284740","41,850","11.75","2.05","1.41","2019"
"SK케미칼","285130","393,000","922.84","6.42","3.23","2019"
"롯데정보통신","286940","32,650","9.48","1.29","0.59","2019"
"하나제약","293480","25,700","14.71","1.89","2.5","2019"
"신한알파리츠","293940","6,620","62.8","1.13","15.04","2019"
"HDC현대산업개발","294870","21,850","2.32","0.43","0.23","2019"
"효성화학","298000","99,800","3.63","0.7","0.18","2019"
"효성티앤씨","298020","99,900","3.54","0.74","0.07","2019"
"효성중공업","298040","40,800","23.78","0.38","0.1","2019"
"효성첨단소재","298050","133,000","-11.26","1.47","0.2","2019"
"에어부산","298690","3,650","-2.61","1.76","0.3","2019"
"한일시멘트","300720","79,300","8.12","0.37","0.35","2019"
"세아제강","306200","89,900","10.24","0.45","0.21","2019"
"현대오토에버","307950","43,300","15.98","1.77","0.58","2019"
"센트랄모텍","308170","24,500","40.35","2.11","0.7","2019"
"우리금융지주","316140","8,640","3.06","0.24","0.59","2019"
"자이에스앤디","317400","7,770","16.78","1.43","0.75","2019"
"현대에너지솔루션","322000","27,750","13.23","0.98","0.7","2019"
"에스케이바이오팜","326030","167,000","-151.82","-835.0","87.61","2019"
"롯데리츠","330590","5,050","289.48","1.01","217.11","2019"
"두산퓨얼셀","336260","40,950","190.96","13.62","10.27","2019"
"두산솔루스","336370","38,950","264.77","8.47","17.02","2019"
"NH프라임리츠","338100","4,335","-47.58","0.9","NAN","2019"
"엘브이엠씨","900140","3,900","-3.59","0.61","0.55","2019"
