"CJ프레시웨이","051500","16,750","20.71","0.69","0.07","2019"
"EDGC","245620","15,150","-63.72","11.46","9.67","2019"
"GST","083450","18,200","9.42","1.64","1.01","2019"
"GS홈쇼핑","028150","129,900","7.76","0.74","0.69","2019"
"ITX-AI","099520","2,320","-7.64","3.9","1.2","2019"
"JW신약","067290","6,540","194.64","4.13","2.66","2019"
"KB오토시스","024120","6,290","6.76","0.71","0.49","2019"
"KH바텍","060720","22,300","-44.58","2.8","2.54","2019"
"KMH","122450","13,900","12.79","0.64","1.22","2019"
"SK5호스팩","337450","2,010","NAN","1.56","NAN","2019"
"SK6호스팩","340350","1,995","NAN","1.05","NAN","2019"
"THE E&M","089230","614","-17.52","1.07","1.56","2019"
"TJ미디어","032540","2,790","43.19","0.5","0.52","2019"
"YW","051390","3,680","20.89","0.59","2.18","2019"
"갤럭시아컴즈","094480","4,410","19.66","1.89","2.02","2019"
"경창산업","024910","1,835","-0.86","0.71","0.12","2019"
"고려시멘트","198440","3,180","29.91","1.15","1.43","2019"
"골프존","215000","69,200","26.8","2.17","1.76","2019"
"교보8호스팩","307280","2,165","NAN","1.18","NAN","2019"
"국순당","043650","4,755","-10.23","0.41","0.83","2019"
"그리티","204020","3,295","41.49","0.89","0.54","2019"
"나노브릭","286750","24,300","-138.51","7.8","14.21","2019"
"나스미디어","089600","37,400","14.55","2.14","2.8","2019"
"네오티스","085910","3,875","28.45","0.98","1.01","2019"
"네이처셀","007390","10,450","710.48","7.81","27.68","2019"
"녹십자셀","031390","44,300","48.33","6.3","14.15","2019"
"뉴인텍","012340","2,090","-57.09","2.33","1.15","2019"
"뉴프렉스","085670","2,240","-4.94","0.96","0.37","2019"
"대봉엘에스","078140","12,000","21.46","1.57","1.91","2019"
"대유","290380","13,000","24.02","1.86","3.96","2019"
"대유에이피","290120","6,560","8.92","1.49","0.45","2019"
"대주산업","003310","2,000","39.32","1.36","0.84","2019"
"대한그린파워","060900","915","-10.47","4.43","6.6","2019"
"대한약품","023910","36,700","7.81","1.32","1.3","2019"
"동구바이오제약","006620","26,300","16.73","2.95","2.02","2019"
"동방선기","099410","3,225","-43.67","1.53","1.85","2019"
"디에이테크놀로지","196490","1,600","-4.42","1.4","0.85","2019"
"디에이피","066900","3,970","90.3","0.9","0.33","2019"
"디엔에이링크","127120","22,000","-19.27","26.03","16.19","2019"
"디엔에프","092070","14,200","69.46","1.69","2.6","2019"
"디오","039840","28,250","17.13","3.05","3.45","2019"
"디오스텍","196450","411","9.8","0.74","0.65","2019"
"디지틀조선","033130","2,795","29.64","1.34","3.07","2019"
"디케이앤디","263020","6,700","18.58","1.01","0.87","2019"
"루미마이크로","082800","1,465","-6.08","1.62","3.92","2019"
"룽투코리아","060240","5,510","87.57","1.9","4.65","2019"
"링크제니시스","219420","6,350","105.83","1.85","5.57","2019"
"마이크로텍","227950","2,785","-9.12","4.27","8.97","2019"
"메디톡스","086900","233,700","54.56","5.32","6.78","2019"
"메디포럼제약","047920","18,200","504.07","14.08","6.98","2019"
"메이슨캐피탈","021880","291","-6.87","0.77","9.02","2019"
"메탈라이프","327260","20,800","60.06","2.8","4.45","2019"
"모비스","250060","2,445","-131.1","2.34","6.5","2019"
"모트렉스","118990","3,380","-2.52","1.11","0.31","2019"
"미래SCI","028040","279","-0.61","0.74","0.85","2019"
"미스터블루","207760","11,950","24.4","6.83","4.58","2019"
"바디텍메드","206640","35,700","70.41","10.87","11.51","2019"
"바이넥스","053030","30,600","115.63","6.02","7.75","2019"
"브랜드엑스코퍼레이션","337930","13,500","25.22","13.41","2.99","2019"
"삼보판지","023600","8,140","4.1","0.33","0.36","2019"
"삼본전자","111870","1,550","-4.98","0.72","2.62","2019"
"삼아제약","009300","19,700","12.3","0.75","1.75","2019"
"상지카일룸","042940","1,455","-12.04","1.37","0.59","2019"
"서암기계공업","100660","4,845","27.75","0.99","1.59","2019"
"성창오토텍","080470","8,590","-627.07","1.47","0.47","2019"
"세보엠이씨","011560","6,060","-8.4","0.43","0.1","2019"
"세종메디칼","258830","15,900","34.76","2.35","6.65","2019"
"세코닉스","053450","4,765","-3.21","0.51","0.12","2019"
"셀루메드","049180","5,980","-3.9","9.27","8.13","2019"
"셀바스헬스케어","208370","2,750","-18.06","2.47","2.66","2019"
"셀트리온제약","068760","121,700","506.5","15.55","25.11","2019"
"스카이이앤엠","131100","2,755","-10.35","2.22","4.75","2019"
"스튜디오드래곤","253450","81,100","86.31","5.32","4.86","2019"
"스페코","013810","10,300","15.25","3.62","2.02","2019"
"승일","049830","8,240","-84.21","0.36","0.37","2019"
"시큐브","131090","1,675","13.14","2.13","3.24","2019"
"심텍","222800","20,700","-13.1","3.2","0.52","2019"
"쌍용정보통신","010280","1,305","40.62","1.19","0.49","2019"
"씨유메디칼","115480","3,170","-20.06","1.05","0.71","2019"
"씨케이에이치","900120","218","-0.34","0.05","0.19","2019"
"아나패스","123860","27,900","-12.73","5.12","4.65","2019"
"아바텍","149950","8,270","17.93","0.95","1.71","2019"
"아이센스","099190","29,750","17.54","2.03","2.15","2019"
"아이씨디","040910","16,500","25.81","1.97","2.38","2019"
"아이씨케이","068940","4,985","NAN","10.5","6.29","2019"
"아이원스","114810","9,290","-37.77","1.02","0.99","2019"
"아이즈비전","031310","4,110","-216.09","0.59","0.49","2019"
"아이티센","124500","5,620","16.25","0.55","0.06","2019"
"알리코제약","260660","15,200","14.84","2.08","1.28","2019"
"알에프세미","096610","5,020","-14.56","0.82","0.96","2019"
"알에프텍","061040","13,350","-160.36","2.17","1.01","2019"
"애니플러스","310200","1,525","-20.06","8.74","1.85","2019"
"에스아이리소스","065420","639","-3.75","3.59","3.23","2019"
"에스코넥","096630","1,990","-10.65","1.42","0.51","2019"
"에쎈테크","043340","1,120","-161.28","2.9","1.56","2019"
"에이루트","096690","4,890","47.26","0.42","1.21","2019"
"에이티넘인베스트","021080","2,245","16.08","1.35","5.04","2019"
"엑시콘","092870","12,300","-20.62","1.46","2.86","2019"
"엔피케이","048830","1,640","-38.38","0.76","0.47","2019"
"엠게임","058630","5,710","14.49","2.8","2.97","2019"
"엠벤처투자","019590","947","6.26","1.48","3.75","2019"
"엠씨넥스","097520","39,200","8.29","3.12","0.55","2019"
"영화테크","265560","15,600","-55.59","1.84","1.87","2019"
"오공","045060","5,100","11.37","1.07","0.57","2019"
"오스템임플란트","048260","40,000","-25.97","6.93","1.01","2019"
"오픈베이스","049480","3,400","76.31","1.46","0.68","2019"
"옵티시스","109080","9,670","19.46","1.44","2.77","2019"
"와이지-원","019210","4,270","217.58","0.39","0.31","2019"
"우리바이오","082850","3,820","28.13","1.35","0.1","2019"
"원익QnC","074600","17,050","124.5","1.56","1.7","2019"
"원익큐브","014190","1,770","16.49","0.78","0.31","2019"
"원풍물산","008290","2,310","-17.09","2.07","2.3","2019"
"웨이브일렉트로","095270","9,240","-2.77","6.2","2.73","2019"
"웰크론","065950","7,110","-8.33","1.83","0.51","2019"
"위지트","036090","819","30.25","0.87","2.1","2019"
"유니온커뮤니티","203450","4,260","15.25","1.81","1.53","2019"
"유니테크노","241690","10,400","22.55","1.87","1.51","2019"
"유비쿼스홀딩스","078070","31,750","42.71","2.33","5.28","2019"
"유신","054930","15,100","-7.31","0.56","0.27","2019"
"유안타제5호스팩","336060","1,995","NAN","1.03","NAN","2019"
"유진스팩5호","331380","2,000","NAN","1.07","NAN","2019"
"유테크","178780","3,975","-16.84","4.4","2.25","2019"
"유티아이","179900","15,450","50.02","3.97","3.88","2019"
"이스트소프트","047560","6,870","-4.22","1.25","0.99","2019"
"이스트아시아홀딩스","900110","342","12.03","0.19","0.41","2019"
"이엠넷","123570","4,465","12.28","1.6","2.71","2019"
"이지웰","090850","7,880","36.85","4.76","2.1","2019"
"인베니아","079950","2,295","44.37","1.18","0.36","2019"
"인텍플러스","064290","15,200","35.26","8.73","4.7","2019"
"자비스","254120","1,795","-4.59","2.19","1.96","2019"
"자이글","234920","3,190","-1.44","0.83","1.45","2019"
"정상제이엘에스","040420","6,090","12.4","1.49","1.02","2019"
"제넨바이오","072520","5,560","-9.42","18.25","20.0","2019"
"제우스","079370","16,350","11.96","0.74","0.52","2019"
"제이엠티","094970","2,905","48.65","0.88","0.58","2019"
"제이웨이","058420","1,010","-6.94","1.63","1.83","2019"
"제일제강","023440","1,705","-14.37","0.82","2.0","2019"
"제주반도체","080220","3,075","-17.97","0.98","0.54","2019"
"젬백스","082270","21,600","-9.03","8.75","19.47","2019"
"조아제약","034940","5,480","-141.71","3.02","2.31","2019"
"주성엔지니어링","036930","7,240","13.13","1.41","1.35","2019"
"지엔씨에너지","119850","7,240","14.57","1.27","0.7","2019"
"지엔코","065060","1,250","-5.67","0.83","0.79","2019"
"캐스텍코리아","071850","2,700","-7.85","0.37","0.24","2019"
"케이비제20호스팩","342550","2,000","NAN","1.67","NAN","2019"
"케이피엠테크","042040","1,415","-3.8","1.25","7.57","2019"
"케이피티유","054410","5,450","-34.47","0.84","1.13","2019"
"켄코아에어로스페이스","274090","7,890","-7.93","1.79","1.3","2019"
"코렌","078650","910","-4.47","0.77","0.57","2019"
"코윈테크","282880","22,200","12.01","1.99","2.25","2019"
"코프라","126600","3,640","8.54","0.7","0.42","2019"
"키네마스터","139670","10,600","1435.88","11.49","7.4","2019"
"토탈소프트","045340","4,920","16.19","3.73","3.57","2019"
"투비소프트","079970","2,080","-2.58","1.16","1.36","2019"
"트루윈","105550","3,370","-12.61","1.63","1.36","2019"
"특수건설","026150","6,380","121.26","1.12","0.5","2019"
"티앤알바이오팹","246710","14,450","-19.15","4.86","92.79","2019"
"티에스이","131290","39,450","27.27","2.24","2.28","2019"
"파세코","037070","11,750","19.13","2.17","0.91","2019"
"파커스","065690","2,910","-10.69","0.49","0.4","2019"
"판타지오","032800","969","-4.46","3.23","3.81","2019"
"패션플랫폼","225590","1,145","7.44","0.78","0.38","2019"
"푸드웰","005670","5,040","1.57","0.61","0.35","2019"
"프로스테믹스","203690","4,375","-62.45","7.06","28.15","2019"
"플리트 엔터테인먼트","204630","2,380","-11.95","1.65","1.68","2019"
"피델릭스","032580","1,390","-30.46","1.02","0.65","2019"
"피에스엠씨","024850","797","-34.29","1.62","0.7","2019"
"하나금융15호스팩","341160","2,015","NAN","1.41","NAN","2019"
"하이즈항공","221840","3,585","17.15","0.82","0.86","2019"
"한국맥널티","222980","7,350","-91.42","2.41","1.71","2019"
"한국코퍼레이션","050540","282","-1.03","0.28","0.09","2019"
"한양디지텍","078350","5,870","-4.59","2.03","0.86","2019"
"한일진공","123840","655","-1.17","0.38","1.41","2019"
"한일화학","007770","9,210","19.02","0.35","0.3","2019"
"해덕파워웨이","102210","1,100","-6.05","0.73","2.14","2019"
"현대바이오","048410","11,550","500.2","8.51","13.29","2019"
"화성밸브","039610","6,000","21.54","0.86","0.92","2019"
"휴맥스","115160","4,940","5.82","0.28","0.1","2019"
"APS홀딩스","054620","8,890","-39.41","0.84","7.81","2019"
"CJ ENM","035760","130,200","48.72","0.91","0.75","2019"
"CMG제약","058820","4,725","211.7","3.64","11.2","2019"
"CS","065770","2,815","-106.04","2.43","1.65","2019"
"CSA 코스믹","083660","3,945","-10.25","4.72","1.21","2019"
"EG","037370","8,390","-104.88","1.87","0.94","2019"
"HRS","036640","3,800","62.15","0.85","0.93","2019"
"MP그룹","065150","1,315","-37.95","3.0","0.97","2019"
"NICE평가정보","030190","18,000","26.79","4.87","2.66","2019"
"PI첨단소재","178920","31,300","51.93","3.66","4.11","2019"
"PN풍년","024940","4,320","8.0","1.13","0.79","2019"
"SCI평가정보","036120","4,900","34.11","7.13","3.31","2019"
"SM C&C","048550","1,750","43.32","1.41","0.99","2019"
"UCI","038340","2,690","-10.36","2.39","4.76","2019"
"감마누","192410","4,020","31.92","2.0","3.06","2019"
"강스템바이오텍","217730","7,960","-6.29","2.42","27.66","2019"
"게임빌","063080","39,650","22.16","1.03","2.18","2019"
"경남바이오파마","044480","3,955","-14.21","0.56","1.36","2019"
"경남제약헬스케어","223310","3,320","-7.51","0.69","2.39","2019"
"고영","098460","87,000","40.32","4.9","5.37","2019"
"광림","014200","1,610","-6.09","0.94","0.58","2019"
"국영지앤엠","006050","3,305","104.84","2.18","1.58","2019"
"나노엔텍","039860","14,900","69.36","9.64","15.03","2019"
"나이벡","138610","27,150","-99.58","9.81","28.91","2019"
"남화토건","091590","13,950","32.11","1.18","3.05","2019"
"네오팜","092730","28,400","12.14","2.21","2.8","2019"
"넥스턴","089140","8,610","17.59","1.02","3.15","2019"
"넵튠","217270","12,600","-14.16","4.75","16.36","2019"
"노바렉스","194700","41,900","26.02","4.11","2.37","2019"
"녹원씨엔아이","065560","5,970","-10.08","1.35","1.49","2019"
"누리텔레콤","040160","8,090","10.96","1.43","0.66","2019"
"뉴파워프라즈마","144960","7,030","54.72","2.14","4.82","2019"
"대성파인텍","104040","1,485","35.76","0.87","1.24","2019"
"대아티아이","045390","6,180","191.18","4.55","3.85","2019"
"대주전자재료","078600","45,550","-946.85","8.07","5.69","2019"
"대창솔루션","096350","371","-12.4","0.9","0.91","2019"
"덕산네오룩스","213420","35,550","44.46","5.34","8.72","2019"
"데브시스터즈","194480","8,160","-6.58","0.89","2.43","2019"
"동아엘텍","088130","8,830","6.15","0.45","0.46","2019"
"디알텍","214680","1,560","84.89","2.04","1.6","2019"
"디엠티","134580","1,970","-5.15","0.9","0.68","2019"
"딜리","131180","1,460","20.41","0.74","1.06","2019"
"럭슬","033600","179","-0.27","0.18","0.13","2018"
"레드로버","060300","610","-0.35","5.95","2.8","2019"
"레드캡투어","038390","15,550","6.02","0.81","0.52","2019"
"레이언스","228850","12,000","14.43","1.02","1.58","2019"
"로보로보","215100","5,210","84.3","3.77","6.72","2019"
"매일홀딩스","005990","8,120","1.66","0.19","0.07","2019"
"머큐리","100590","11,150","71.57","2.32","1.48","2019"
"메디앙스","014100","4,195","1.24","0.61","0.5","2019"
"메타바이오메드","059210","2,915","19.32","1.27","1.17","2019"
"멕아이씨에스","058110","40,150","-126.64","51.26","16.69","2019"
"모두투어","080160","12,100","99.43","1.5","0.77","2019"
"무림SP","001810","2,260","35.74","0.24","0.36","2019"
"미래에셋대우스팩3호","328380","2,010","NAN","1.03","NAN","2019"
"미래에셋벤처투자","100790","3,940","13.04","1.18","1.97","2019"
"미코","059090","18,700","26.62","3.47","2.48","2019"
"바른테크놀로지","029480","1,645","-15.64","4.39","2.74","2019"
"부스타","008470","5,030","12.08","0.57","0.44","2019"
"비즈니스온","138580","15,650","33.95","4.0","9.51","2019"
"비트컴퓨터","032850","12,450","29.15","4.21","5.53","2019"
"사람인에이치알","143240","23,000","10.52","2.41","2.86","2019"
"삼륭물산","014970","8,200","206.71","1.73","1.4","2019"
"삼양옵틱스","225190","9,340","6.93","2.4","1.48","2019"
"삼영이엔씨","065570","7,940","-7.43","0.93","1.89","2019"
"삼일","032280","1,910","9.38","0.48","0.32","2019"
"삼일기업공사","002290","2,935","11.03","0.62","0.48","2019"
"삼지전자","037460","13,100","6.31","0.64","0.14","2019"
"삼진","032750","9,600","4.76","0.75","0.43","2019"
"삼화네트웍스","046390","1,570","96.55","1.94","1.25","2019"
"상보","027580","1,395","-6.26","2.21","1.33","2019"
"상신이디피","091580","14,150","37.34","2.89","1.27","2019"
"서린바이오","038070","13,950","12.54","1.82","2.05","2019"
"서울바이오시스","092190","22,900","552.1","4.42","2.36","2019"
"서호전기","065710","25,300","8.52","1.74","2.01","2019"
"성우하이텍","015750","3,055","8.28","0.19","0.07","2019"
"세경하이테크","148150","26,400","14.57","2.21","1.09","2019"
"세명전기","017510","3,920","17.58","0.84","3.23","2019"
"셀바스AI","108860","2,950","-7.57","1.49","1.84","2019"
"손오공","066910","1,830","-25.91","2.02","0.67","2019"
"솔루에타","154040","3,060","-11.68","0.56","0.15","2019"
"수성","084180","1,385","-3.51","1.12","0.8","2019"
"슈프리마","236200","32,600","9.05","1.72","3.25","2019"
"신라에스지","025870","8,720","49.83","2.21","0.39","2019"
"신영스팩5호","323280","2,035","-71.33","1.03","NAN","2019"
"신테카바이오","226330","29,850","-17.07","8.52","785.35","2019"
"신한제6호스팩","333050","2,000","-100.2","1.1","NAN","2019"
"싸이토젠","217330","28,000","-38.48","8.81","197.19","2019"
"아가방컴퍼니","013990","2,875","-5.98","0.7","0.7","2019"
"아래스","050320","1,010","-8.17","5.32","228.89","2019"
"아모텍","052710","34,450","839.12","1.69","1.35","2019"
"아미코젠","092040","39,500","-3793.38","4.79","6.59","2019"
"아이에이","038880","465","93.55","1.88","1.66","2019"
"아이에이네트웍스","123010","1,890","-8.36","8.47","12.07","2019"
"아이오케이","078860","1,950","-11.78","0.89","2.03","2019"
"아이톡시","052770","4,460","-11.21","6.25","8.56","2019"
"액트로","290740","13,350","9.17","1.76","1.24","2019"
"앱클론","174900","38,900","214.73","15.77","38.77","2019"
"에스에스알","275630","5,570","29.34","1.3","2.37","2019"
"에스제이그룹","306040","16,800","12.65","2.38","1.51","2019"
"에스제이케이","080440","498","-0.61","0.5","1.62","2019"
"에스티팜","237690","61,000","-61.51","3.75","12.2","2019"
"에이씨티","138360","4,480","-1221.61","2.82","6.5","2019"
"에이프런티어","036180","1,205","-4.61","0.89","0.48","2019"
"에프알텍","073540","7,850","-52.64","2.86","3.42","2019"
"에프에스티","036810","25,100","27.75","4.49","4.04","2019"
"엑스큐어","070300","4,810","27.25","1.52","2.66","2019"
"엔브이에이치코리아","067570","5,560","12.88","0.87","0.19","2019"
"엔시트론","101400","1,120","-3.0","1.68","2.78","2019"
"엔에이치스팩14호","319400","2,010","173.26","1.04","NAN","2019"
"영신금속","007530","1,945","4.3","0.6","0.21","2019"
"예림당","036000","2,545","-1.2","0.18","0.07","2019"
"오르비텍","046120","3,185","75.77","1.1","1.01","2019"
"오성첨단소재","052420","2,695","11.44","0.96","2.51","2019"
"오션브릿지","241790","16,200","14.21","2.38","2.14","2019"
"우리손에프앤지","073560","2,125","34.22","0.78","0.65","2019"
"원일특강","012620","8,600","3.82","0.32","0.15","2019"
"위더스제약","330350","26,400","23.52","3.9","3.96","2019"
"윈하이텍","192390","2,925","-4.0","0.59","0.37","2019"
"윌링스","313760","18,000","28.23","2.42","2.04","2019"
"유바이오로직스","206650","23,600","-702.55","18.07","19.1","2019"
"유안타제6호스팩","340360","2,000","NAN","1.04","NAN","2019"
"육일씨엔에쓰","191410","3,805","-4.57","0.97","0.58","2019"
"이글루시큐리티","067920","4,950","27.22","1.12","0.72","2019"
"이글벳","044960","9,200","96.92","3.28","3.38","2019"
"이녹스","088390","8,910","-4.41","0.64","2.01","2019"
"이랜시스","264850","2,035","50.05","2.27","1.05","2019"
"이에스에이","052190","295","-0.53","0.39","5.0","2019"
"이엠앤아이","083470","1,585","1.02","6.14","3.73","2019"
"이엠텍","091120","13,000","-521.98","1.15","0.78","2019"
"이즈미디어","181340","3,430","-13.42","0.67","0.36","2019"
"이지케어텍","099750","22,450","37.73","3.11","2.62","2019"
"인선이엔티","060150","9,660","22.34","1.8","2.02","2019"
"인포마크","175140","6,010","-2.01","1.91","0.29","2019"
"인포바인","115310","18,600","6.6","0.7","3.08","2019"
"인포뱅크","039290","7,360","53.32","1.15","0.54","2019"
"잉크테크","049550","3,140","-17.97","1.4","0.85","2019"
"전진바이오팜","110020","11,700","-37.41","19.35","14.39","2019"
"정다운","208140","2,560","58.4","1.04","0.42","2019"
"제놀루션","225220","31,400","-329.39","38.01","24.7","2019"
"제이스텍","090470","8,460","112.27","0.95","0.97","2019"
"제일바이오","052670","8,720","65.4","4.14","5.69","2019"
"젬백스지오","041590","672","-0.74","0.57","2.33","2019"
"줌인터넷","239340","3,750","-8.51","3.55","4.07","2019"
"지니뮤직","043610","3,945","31.41","1.5","0.99","2019"
"지니언스","263860","5,280","16.09","1.48","2.0","2019"
"지란지교시큐리티","208350","4,930","10.36","0.5","0.62","2019"
"지스마트글로벌","114570","620","-0.09","0.15","0.57","2019"
"참좋은여행","094850","5,510","3.37","0.8","1.24","2019"
"천보","278280","153,000","66.23","7.26","11.31","2019"
"컴투스","078340","124,700","14.64","1.73","3.42","2019"
"케이비제19호스팩","330990","2,000","NAN","1.05","NAN","2019"
"케이씨피드","025880","2,075","-5.34","0.66","0.54","2019"
"케이엔더블유","105330","7,290","-6.55","1.23","0.44","2019"
"코너스톤네트웍스","033110","204","-0.49","0.7","1.88","2019"
"코데즈컴바인","047770","2,500","13.71","2.23","2.64","2019"
"코메론","049430","9,000","5.69","0.58","1.22","2019"
"코미팜","041960","14,450","-39.64","12.14","26.02","2019"
"코아시아","045970","10,050","21.35","1.85","0.6","2019"
"코오롱생명과학","102940","32,250","-3.99","3.64","2.48","2019"
"코웰패션","033290","6,260","10.41","2.21","1.44","2019"
"코위버","056360","11,200","5.33","0.92","0.97","2019"
"콜마비앤에이치","200130","63,000","33.96","7.31","4.24","2019"
"큐브엔터","182360","4,410","117.19","6.66","3.93","2019"
"크로바하이텍","043590","1,490","-4.63","2.17","0.98","2019"
"클리오","237880","17,750","103.86","2.07","1.2","2019"
"키움제5호스팩","311270","2,015","NAN","1.01","NAN","2019"
"테고사이언스","191420","31,200","315.35","5.27","40.04","2019"
"테라사이언스","073640","2,275","-45.01","4.72","7.78","2019"
"테스나","131970","96,500","30.89","4.05","6.83","2019"
"티에스아이","277880","15,650","-10.08","4.98","2.0","2019"
"파루","043200","3,030","545.46","2.39","2.05","2019"
"파멥신","208340","25,950","-35.16","5.3","NAN","2019"
"파수","150900","6,690","-16.48","3.74","1.82","2019"
"파워로직스","047310","7,480","4.68","1.07","0.23","2019"
"파인디지털","038950","6,070","-619.81","0.69","0.64","2019"
"팬엔터테인먼트","068050","9,330","116.57","2.68","3.19","2019"
"펄어비스","263750","201,400","16.63","4.45","4.89","2019"
"펌텍코리아","251970","15,650","8.47","1.04","1.11","2019"
"풍강","093380","2,925","24.08","0.47","0.35","2019"
"플레이디","237820","10,200","13.95","2.28","2.39","2019"
"피에스텍","002230","4,070","32.02","0.56","1.58","2019"
"하나마이크론","067310","9,340","17.83","1.09","0.52","2019"
"한국경제TV","039340","5,310","8.14","1.0","1.57","2019"
"한국바이오젠","318000","9,010","-52.32","2.85","3.96","2019"
"한국비엔씨","256840","4,995","-42.75","8.36","13.04","2019"
"한국아트라스비엑스","023890","51,200","8.82","1.28","0.72","2019"
"한국알콜","017890","15,400","10.37","0.99","1.14","2019"
"한국정보인증","053300","7,340","32.22","2.68","5.37","2019"
"한국정보통신","025770","9,250","14.35","1.74","0.7","2019"
"한국팩키지","037230","3,415","47.43","2.15","1.46","2019"
"한글과컴퓨터","030520","20,500","22.67","1.5","1.57","2019"
"한일단조","024740","2,270","19.39","0.59","0.48","2019"
"한컴위드","054920","4,920","4.12","1.1","8.79","2019"
"한탑","002680","2,100","-3.87","1.33","0.47","2019"
"현진소재","053660","400","-0.28","-2.15","0.18","2019"
"형지I&C","011080","1,225","-477.21","2.11","0.47","2019"
"휴네시온","290270","5,210","27.81","2.09","2.66","2019"
"휴맥스홀딩스","028080","3,770","8.18","0.31","5.1","2019"
"흥국에프엔비","189980","1,725","11.95","0.99","1.18","2019"
"DB금융스팩7호","322780","2,050","NAN","1.1","NAN","2019"
"EMW","079190","2,780","441.8","2.96","1.44","2019"
"IBKS제10호스팩","299170","2,030","NAN","1.06","NAN","2019"
"JTC","950170","4,200","18.38","0.6","0.28","2019"
"KCC건설","021320","7,750","5.88","0.44","0.1","2019"
"KCI","036670","11,350","11.22","1.96","1.84","2019"
"KD","044180","495","4.17","1.18","0.46","2019"
"KG ETS","151860","4,680","1.72","0.7","1.05","2019"
"KG모빌리언스","046440","10,650","18.1","1.34","1.66","2019"
"NEW","160550","4,325","-10.87","0.99","0.81","2019"
"SBI핀테크솔루션즈","950110","6,990","18.34","4.49","2.19","2019"
"SDN","099220","3,945","45.67","2.4","2.81","2019"
"SGA솔루션즈","184230","980","-1.26","2.17","0.8","2019"
"SM Life Design","063440","2,085","-31.3","1.92","2.54","2019"
"W홀딩컴퍼니","052300","301","-2.93","0.6","2.88","2019"
"교보9호스팩","331520","2,000","NAN","1.08","NAN","2019"
"나노신소재","121600","37,600","70.32","4.35","8.34","2019"
"나인테크","267320","2,615","21.54","9.23","1.2","2019"
"넥스트아이","137940","1,515","-38.94","1.04","1.33","2019"
"넥슨지티","041140","18,000","219.56","5.92","21.08","2019"
"노터스","278650","28,800","45.81","4.9","4.58","2019"
"누리플랜","069140","5,560","-9.5","1.11","0.33","2019"
"뉴프라이드","900100","717","-2.22","2.09","1.81","2019"
"다산네트웍스","039560","14,100","-47.61","1.95","1.01","2019"
"다원시스","068240","23,050","147.81","2.94","3.55","2019"
"대명소노시즌","007720","1,140","1.82","0.69","0.53","2019"
"대신밸런스제6호스팩","307750","4,070","NAN","2.12","NAN","2019"
"대원산업","005710","5,100","2.53","0.33","0.15","2019"
"덕신하우징","090410","1,370","36.59","0.76","0.37","2019"
"데일리블록체인","139050","1,005","-4.14","0.71","0.62","2019"
"덴티스","261200","1,745","317.46","3.65","2.1","2019"
"동신건설","025950","12,500","131.25","1.2","4.38","2019"
"동일기연","032960","10,800","17.52","0.7","1.27","2019"
"듀오백","073190","3,130","-12.49","1.37","1.18","2019"
"디지아이","043360","2,340","-6.19","0.46","1.37","2019"
"디지털대성","068930","6,580","7.81","1.57","1.06","2019"
"디티앤씨","187220","7,140","-18.19","0.92","1.06","2019"
"라이브플렉스","050120","626","-3.77","0.7","1.19","2019"
"램테크놀러지","171010","7,190","26.0","2.34","1.92","2019"
"레고켐바이오","141080","53,400","91.61","9.88","19.91","2019"
"로보스타","090360","13,700","-29.68","1.39","0.75","2019"
"리드코프","012700","6,960","4.53","0.5","0.37","2019"
"마크로밀엠브레인","169330","8,450","31.69","6.28","1.62","2019"
"메디콕스","054180","1,715","-17.79","2.18","1.84","2019"
"메디포스트","078160","28,100","-31.13","3.92","9.58","2019"
"바이오니아","064550","28,000","-84.23","19.72","17.17","2019"
"베뉴지","019010","1,440","30.18","0.24","1.18","2019"
"베셀","177350","3,370","-3.43","1.93","0.89","2019"
"보라티알","250000","15,100","30.89","1.85","2.18","2019"
"부방","014470","2,280","-14.57","0.75","0.41","2019"
"브리지텍","064480","3,620","-13.52","1.32","1.22","2019"
"비디아이","148140","5,360","-317.18","2.07","0.49","2019"
"삼진엘앤디","054090","3,330","166.23","0.9","0.36","2019"
"삼천리자전거","024950","10,250","-16.39","1.71","1.56","2019"
"삼현철강","017480","3,795","9.17","0.4","0.25","2019"
"상아프론테크","089980","48,200","59.04","5.13","3.96","2019"
"서산","079650","2,545","-18.18","0.46","0.97","2019"
"서진오토모티브","122690","1,735","-2.09","0.21","0.02","2019"
"성우테크론","045300","6,120","12.79","1.14","1.74","2019"
"세운메디칼","100700","3,940","17.26","1.79","2.58","2019"
"세종텔레콤","036630","303","82.68","0.54","0.67","2019"
"셀리버리","268600","202,200","-80.67","57.92","752.95","2019"
"소마젠","950200","17,350","-9.35","-11.43","10.75","2019"
"솔고바이오","043100","392","-1.2","0.68","1.06","2019"
"솔본","035610","3,620","17.07","0.54","1.23","2019"
"수산아이앤티","050960","12,250","28.52","1.09","5.17","2019"
"슈펙스비앤피","058530","162","-0.67","0.3","0.41","2019"
"슈피겐코리아","192440","74,200","11.44","1.57","1.49","2019"
"스맥","099440","1,955","-3.24","0.57","0.4","2019"
"시공테크","020710","4,975","6.52","0.92","0.83","2019"
"시그네틱스","033170","720","-3.09","0.44","0.28","2019"
"신도기연","290520","24,900","11.39","3.53","1.97","2019"
"신한제5호스팩","323230","2,005","NAN","1.02","NAN","2019"
"실리콘웍스","108320","48,550","20.51","1.67","0.91","2019"
"쎄노텍","222420","2,180","-39.79","2.51","3.1","2019"
"쎄미시스코","136510","8,430","-7.59","1.74","2.66","2019"
"쎄트렉아이","099320","26,600","26.13","3.0","2.75","2019"
"씨엠에스에듀","225330","5,540","16.92","2.67","1.26","2019"
"씨큐브","101240","8,060","13.85","1.51","1.83","2019"
"아비코전자","036010","5,470","-14.26","0.71","0.59","2019"
"아이엠이연이","090740","3,560","10.51","0.66","0.21","2019"
"아진산업","013310","2,530","6.71","0.46","0.21","2019"
"아프리카TV","067160","57,700","19.39","5.45","3.95","2019"
"알티캐스트","085810","2,235","-1.74","0.72","0.89","2019"
"애니젠","196300","16,200","-12.31","5.42","12.9","2019"
"액션스퀘어","205500","1,820","-8.18","3.72","12.97","2019"
"앤디포스","238090","7,900","-268.07","3.42","4.78","2019"
"에스앤더블류","103230","1,840","-4.73","0.34","0.37","2019"
"에스와이","109610","4,315","-6.65","0.88","0.28","2019"
"에스트래픽","234300","5,900","-7.48","2.24","0.88","2019"
"에스퓨얼셀","288620","44,900","171.94","8.06","6.79","2019"
"에이디칩스","054630","845","-2.88","1.24","2.1","2019"
"에이비엘바이오","298380","35,850","-43.89","12.3","406.03","2019"
"에이스침대","003800","40,550","10.17","0.96","1.62","2019"
"에이스토리","241840","9,650","-74.93","2.32","3.19","2019"
"에이치시티","072990","12,700","14.42","1.77","1.86","2019"
"에이텍티앤","224110","23,850","25.47","1.53","0.99","2019"
"엑세스바이오","950130","29,800","-48.34","35.86","23.22","2019"
"엑셈","205100","4,095","28.32","1.93","4.02","2019"
"엔지켐생명과학","183490","125,800","-58.5","13.36","31.39","2019"
"엔케이맥스","182400","16,700","-45.75","4.85","59.95","2019"
"엔터메이트","206400","1,850","81.12","4.56","9.63","2019"
"엔텔스","069410","9,410","32.46","1.54","1.08","2019"
"엘디티","096870","2,425","-11.57","1.64","2.31","2019"
"엘아이에스","138690","7,490","-57.16","2.87","0.83","2019"
"엘컴텍","037950","1,750","-246.31","2.01","3.2","2019"
"연우","115960","20,250","14.94","1.2","0.85","2019"
"영림원소프트랩","060850","17,150","25.45","10.83","2.88","2019"
"예스티","122640","9,170","-4.17","2.2","2.4","2019"
"오스테오닉","226400","3,005","75.83","1.31","3.39","2019"
"오텍","067170","13,450","14.58","1.09","0.22","2019"
"원익머트리얼즈","104830","27,400","12.29","1.12","1.56","2019"
"원익홀딩스","030530","4,410","6.95","0.36","0.76","2019"
"원풍","008370","4,385","27.69","0.72","0.72","2019"
"웹젠","069080","37,950","31.75","3.77","7.61","2019"
"위닉스","044340","19,700","8.82","2.3","0.91","2019"
"위메이드","112040","38,000","-22.24","2.72","5.62","2019"
"유비벨록스","089850","8,300","7.67","0.32","0.21","2019"
"유비쿼스","264450","39,700","18.33","2.31","1.96","2019"
"유안타제4호스팩","313750","2,005","NAN","1.06","NAN","2019"
"유진테크","084370","28,350","60.15","2.65","3.16","2019"
"이건홀딩스","039020","2,725","12.56","0.22","0.13","2019"
"이노와이어리스","073490","66,900","30.66","4.96","4.15","2019"
"이녹스첨단소재","272290","50,800","13.99","2.67","1.38","2019"
"이랜텍","054210","5,680","10.32","0.76","0.17","2019"
"이미지스","115610","2,970","-2.78","1.93","1.2","2019"
"이수앱지스","086890","10,800","-16.15","5.21","13.69","2019"
"이씨에스","067010","5,180","40.89","1.77","1.23","2019"
"인성정보","033230","3,945","-188.95","1.91","0.31","2019"
"인탑스","049070","18,200","5.18","0.6","0.34","2019"
"인터파크","035080","2,160","19.44","0.19","0.04","2019"
"재영솔루텍","049630","733","8.89","0.96","0.4","2019"
"제낙스","065620","3,190","-6.7","47.82","19.93","2019"
"제이티","089790","6,600","17.92","2.55","1.61","2019"
"지티지웰니스","219750","5,630","-13.6","4.78","2.29","2019"
"진바이오텍","086060","6,420","NAN","1.28","0.95","2019"
"진성티이씨","036890","12,000","12.26","1.93","0.76","2019"
"카이노스메드","284620","4,610","-59.79","94.47","NAN","2019"
"캐리소프트","317530","4,690","-15.85","1.79","3.27","2019"
"캔서롭","180400","7,740","-9.96","7.29","29.53","2019"
"캠시스","050110","3,040","46.54","1.48","0.29","2019"
"케이비제18호스팩","323940","1,995","NAN","1.02","NAN","2019"
"케이엠더블유","032500","85,500","33.15","15.71","4.99","2019"
"케이피에프","024880","4,490","10.31","0.48","0.21","2019"
"코나아이","052400","13,050","-35.01","2.26","1.63","2019"
"코드네이처","078940","1,230","-13.74","1.77","0.87","2019"
"코디엠","224060","268","9.55","0.54","3.32","2019"
"코리아에셋투자증권","190650","7,450","6.2","0.72","0.64","2019"
"코미코","183300","42,500","16.36","3.05","2.15","2019"
"코이즈","121850","1,350","NAN","1.08","0.59","2019"
"큐브앤컴퍼니","043090","1,595","-6.06","2.19","6.56","2019"
"키이스트","054780","15,450","-24.65","3.87","2.63","2019"
"탑엔지니어링","065130","10,500","2.55","0.45","0.13","2019"
"태웅로직스","124560","4,015","7.38","1.72","0.25","2019"
"텔콘RF제약","200230","5,350","-8.64","3.96","8.06","2019"
"토비스","051360","7,390","5.59","0.64","0.29","2019"
"티라유텍","322180","14,200","29.68","2.72","2.71","2019"
"티씨케이","064760","99,700","24.87","5.28","6.79","2019"
"파라다이스","034230","13,950","189.35","0.79","1.3","2019"
"파버나인","177830","6,280","-5.62","1.53","0.67","2019"
"파워넷","037030","4,630","10.3","1.05","0.43","2019"
"팍스넷","038160","862","-0.33","0.74","0.92","2019"
"프로텍","053610","31,600","9.29","1.67","1.93","2019"
"피에스케이","319660","30,600","30.12","2.41","2.92","2019"
"픽셀플러스","087600","4,870","-6.52","0.51","1.13","2019"
"필옵틱스","161580","14,750","-16.92","4.65","1.93","2019"
"하나금융14호스팩","332710","2,030","NAN","1.08","NAN","2019"
"하나금융16호스팩","343510","2,025","NAN","1.72","NAN","2019"
"한국제7호스팩","291210","2,040","103.22","1.11","NAN","2019"
"한국캐피탈","023760","535","8.04","0.6","2.99","2019"
"한류타임즈","039670","3,680","-0.26","0.6","0.45","2019"
"한일네트웍스","046110","4,720","8.06","0.84","0.46","2019"
"해마로푸드서비스","220630","2,745","20.15","3.21","0.9","2019"
"헬릭스미스","084990","49,700","-12.27","6.68","295.62","2019"
"휴온스글로벌","084110","33,850","6.77","0.67","0.86","2019"
"희림","037440","3,755","14.52","0.95","0.29","2019"
"DSC인베스트먼트","241520","3,920","11.64","1.93","4.28","2019"
"NHN벅스","104200","4,915","17.78","1.04","0.86","2019"
"SK4호스팩","307070","2,015","103.97","1.13","NAN","2019"
"SKC 솔믹스","057500","5,940","913.19","3.81","2.63","2019"
"SK머티리얼즈","036490","246,000","18.11","4.99","3.36","2019"
"WI","073570","1,510","76.8","2.81","4.46","2019"
"가비아","079940","17,250","11.07","1.73","1.57","2019"
"경남스틸","039240","1,800","9.78","0.52","0.14","2019"
"국일신동","060480","3,610","-400.35","0.84","1.4","2019"
"글로벌텍스프리","204620","2,590","16.64","1.32","1.61","2019"
"글로본","019660","2,325","-7.27","3.27","6.56","2019"
"나노","187790","1,300","-111.79","0.54","0.46","2019"
"네오셈","253590","3,185","-74.72","3.19","4.4","2019"
"네오위즈홀딩스","042420","18,150","3.93","0.29","0.63","2019"
"네이블커뮤니케이션즈","153460","4,650","-75.91","1.27","2.45","2019"
"넥스트BT","065170","2,285","-8.08","2.78","2.4","2019"
"대성미생물","036480","17,200","23.34","1.86","2.6","2019"
"대신밸런스제7호스팩","332290","2,030","NAN","1.03","NAN","2019"
"대양전기공업","108380","11,100","8.5","0.51","0.6","2019"
"대원","007680","8,940","10.65","0.33","0.4","2019"
"대한뉴팜","054670","13,500","12.75","3.17","1.45","2019"
"덕산테코피아","317330","16,300","26.99","2.06","4.85","2019"
"덕산하이메탈","077360","7,640","15.5","0.87","3.35","2019"
"동국제약","086450","30,200","22.72","3.48","2.78","2019"
"동진쎄미켐","005290","31,950","27.98","4.56","1.88","2019"
"디바이스이엔지","187870","26,700","40.85","2.96","4.35","2019"
"디알젬","263690","18,500","38.1","6.45","3.49","2019"
"디에스티","033430","370","-1.32","6.25","1.14","2019"
"라이브파이낸셜","036170","1,300","-3.68","0.58","3.77","2019"
"라이온켐텍","171120","7,040","12.43","1.22","0.85","2019"
"레이크머티리얼즈","281740","2,310","83.38","5.38","4.3","2019"
"로지시스","067730","3,930","-36.71","2.35","1.1","2019"
"링네트","042500","7,220","15.7","1.89","0.83","2019"
"마이크로프랜드","147760","6,200","-14.58","1.63","1.83","2019"
"메가스터디교육","215200","30,950","7.56","1.46","0.84","2019"
"모헨즈","006920","4,345","79.08","1.62","0.55","2019"
"민앤지","214180","15,850","8.41","0.94","1.62","2019"
"바른손이앤에이","035620","1,555","-4.56","1.55","6.46","2019"
"바이온","032980","1,245","-3.11","1.91","3.38","2019"
"비에이치아이","083650","2,160","-3.79","0.8","0.25","2019"
"새로닉스","042600","4,370","-28.58","0.66","0.33","2019"
"서연탑메탈","019770","3,930","-14.31","0.68","0.29","2019"
"서울반도체","046890","18,250","29.72","1.43","0.94","2019"
"서울전자통신","027040","737","12.51","0.55","0.78","2019"
"서원인텍","093920","6,600","9.67","0.76","0.41","2019"
"선데이토즈","123420","24,900","79.43","1.74","2.82","2019"
"성호전자","043260","848","-5.92","0.73","0.3","2019"
"세원","234100","6,480","43.95","3.27","1.78","2019"
"센트럴바이오","051980","1,700","-9.84","3.21","8.03","2019"
"슈프리마에이치큐","094840","6,900","8.81","0.44","2.76","2019"
"스타플렉스","115570","4,925","-4.67","0.59","0.34","2019"
"시노펙스","025320","5,300","62.03","4.65","1.77","2019"
"신원종합개발","017000","4,520","3.58","0.53","0.18","2019"
"신흥에스이씨","243840","45,100","18.52","2.92","1.24","2019"
"씨앤지하이테크","264660","9,200","6.55","1.15","0.6","2019"
"씨티씨바이오","060590","8,500","-11.89","2.2","1.21","2019"
"아세아텍","050860","3,300","115.5","0.59","0.56","2019"
"아스타","246720","7,440","-5.7","5.66","65.72","2019"
"아시아종묘","154030","4,710","-10.59","2.95","2.4","2019"
"아우딘퓨쳐스","227610","4,130","-2.21","1.21","0.76","2019"
"아이엘사이언스","307180","3,510","-25.48","5.64","3.39","2019"
"아이진","185490","13,900","-18.36","8.41","38.02","2019"
"아이큐어","175250","48,150","-35.68","3.1","5.1","2019"
"아이크래프트","052460","4,080","-198.67","1.85","0.81","2019"
"안트로젠","065660","58,600","-126.72","7.41","123.63","2019"
"알에스오토메이션","140670","8,280","753.73","1.92","0.92","2019"
"에스디생명공학","217480","6,130","-7.12","1.43","0.88","2019"
"에스모 머티리얼즈","087730","2,720","-0.28","5.31","2.04","2019"
"에스씨엠생명과학","298060","32,600","-7.02","17.8","1495.2","2019"
"에스앤씨엔진그룹","900080","197","4.43","0.06","0.23","2019"
"에스텍파마","041910","14,350","11.23","1.66","3.67","2019"
"에이비프로바이오","195990","788","-3.71","1.06","4.37","2019"
"에이스테크","088800","30,700","-122.98","13.39","3.15","2019"
"에이치엔티","176440","1,920","-78.39","2.77","0.68","2019"
"에이치엘사이언스","239610","46,800","12.22","2.96","1.88","2019"
"에이티세미콘","089530","939","-8.16","2.02","0.61","2019"
"에이팩트","200470","7,200","30.09","2.08","2.7","2019"
"에이프로젠 H&G","109960","782","-20.55","0.66","6.38","2019"
"에코플라스틱","038110","1,585","-81.37","0.35","0.03","2019"
"엑사이엔씨","054940","1,590","175.82","0.86","0.21","2019"
"엔에스엔","031860","1,145","-3.74","1.2","1.77","2019"
"엔지스테크널러지","208860","3,950","-4.72","1.53","6.3","2019"
"엔피디","198080","4,335","3.72","1.24","0.19","2019"
"엘오티베큠","083310","16,400","116.64","1.75","1.48","2019"
"엠투아이","347890","17,150","21.44","3.46","5.21","2019"
"엠플러스","259630","27,250","70.14","3.36","1.34","2019"
"예스24","053280","13,100","-1126.6","3.5","0.42","2019"
"오가닉티코스메틱","900300","735","1.32","0.15","0.14","2019"
"옵트론텍","082210","7,390","27.79","1.71","0.7","2019"
"옵티팜","153710","22,000","-451.88","8.89","23.09","2019"
"와이솔","122990","18,100","16.77","1.5","1.38","2019"
"와이아이케이","232140","5,350","-30.89","3.1","6.61","2019"
"우노앤컴퍼니","114630","4,140","-112.39","0.84","1.33","2019"
"우리산업홀딩스","072470","5,770","33.02","0.49","0.29","2019"
"우림기계","101170","4,510","-86.98","0.7","1.1","2019"
"우양","103840","5,280","19.97","2.03","0.58","2019"
"원익","032940","3,465","1.36","0.55","0.7","2019"
"유성티엔에스","024800","2,280","2.86","0.3","0.17","2019"
"유에스티","263770","5,990","56.79","3.06","2.71","2019"
"이노인스트루먼트","215790","1,850","-1.54","1.01","0.86","2019"
"이루온","065440","1,420","77.46","1.12","0.78","2019"
"이엘피","063760","10,500","12.58","0.74","1.38","2019"
"이지홀딩스","035810","4,265","-19.0","0.34","0.15","2019"
"이트론","096040","171","-18.68","0.91","2.06","2019"
"인터플렉스","051370","12,750","-10.51","1.37","0.68","2019"
"전파기지국","065530","5,220","131.39","3.95","3.2","2019"
"제너셈","217190","4,185","11.47","1.76","0.99","2019"
"제넥신","095700","169,800","-244.52","13.59","357.05","2019"
"제노레이","122310","11,400","12.57","2.78","2.55","2019"
"제로투세븐","159580","7,010","15.1","1.93","0.66","2019"
"제룡전기","033100","5,250","15.06","1.5","1.87","2019"
"제이씨현시스템","033320","7,400","141.44","1.6","0.68","2019"
"조광ILI","044060","6,430","17.66","1.12","2.59","2019"
"초록뱀","047820","3,010","30.45","2.5","5.59","2019"
"칩스앤미디어","094360","9,510","20.37","2.86","5.69","2019"
"컴퍼니케이","307930","6,370","11.7","1.94","5.88","2019"
"케이사인","192250","1,595","28.65","1.84","3.97","2019"
"케이씨에스","115500","4,580","19.63","2.66","1.39","2019"
"케이아이엔엑스","093320","93,000","28.91","5.36","7.03","2019"
"켐온","217600","3,435","115.45","5.91","10.5","2019"
"코닉글로리","094860","3,935","-73.81","18.28","17.64","2019"
"코맥스","036690","5,590","21.49","1.2","0.59","2019"
"코세스","089890","7,360","20.0","4.58","1.89","2019"
"코스메카코리아","241710","11,900","31.77","0.74","0.37","2019"
"코엔텍","029960","9,140","18.96","2.99","6.43","2019"
"코텍","052330","8,710","4.4","0.43","0.48","2019"
"큐캐피탈","016600","585","16.06","0.73","7.06","2019"
"크리스탈신소재","900250","1,745","5.23","0.45","1.4","2019"
"타이거일렉","219130","15,050","59.39","2.17","2.71","2019"
"티로보틱스","117730","13,400","-21.99","2.47","1.45","2019"
"파마리서치프로덕트","214450","67,000","42.97","2.8","7.63","2019"
"파인디앤씨","049120","1,960","-13.96","1.14","0.67","2019"
"파인텍","131760","1,690","725.42","1.16","0.93","2019"
"펩트론","087010","24,400","-21.13","13.31","207.77","2019"
"포스링크","056730","1,460","-0.5","1.32","0.78","2019"
"풍국주정","023900","24,400","33.78","2.08","2.53","2019"
"퓨쳐켐","220100","13,300","-18.2","8.7","12.21","2019"
"피씨디렉트","051380","11,150","22.5","2.37","0.31","2019"
"피에스케이홀딩스","031980","7,100","4.71","0.45","0.94","2019"
"필로시스헬스케어","057880","7,780","-13.76","14.38","37.32","2019"
"하이로닉","149980","3,985","18.73","1.35","2.8","2019"
"하이소닉","106080","3,330","-6.73","4.39","3.72","2019"
"한국유니온제약","080720","20,650","304.79","2.1","2.38","2019"
"한국전자금융","063570","6,040","73.66","1.27","0.73","2019"
"한국컴퓨터","054040","2,330","4.93","0.4","0.34","2019"
"한국테크놀로지","053590","906","-3.89","1.94","0.31","2019"
"한일사료","005860","1,780","-31.88","1.13","0.2","2019"
"헝셩그룹","900270","677","1.66","0.19","0.24","2019"
"효성오앤비","097870","8,670","40.89","1.16","2.59","2019"
"휴온스","243070","68,700","18.15","3.42","1.86","2019"
"휴젤","145020","197,400","49.72","3.36","12.22","2019"
"CNH","023460","1,540","3.6","0.52","1.41","2019"
"DMS","068790","11,050","14.8","1.53","1.3","2019"
"GH신소재","130500","7,900","39.5","2.03","1.29","2019"
"IBKS제11호스팩","335890","2,245","NAN","1.16","NAN","2019"
"KBI메탈","024840","1,500","7.27","0.53","0.1","2019"
"KMH하이텍","052900","1,445","30.79","1.07","1.15","2019"
"KNN","058400","1,900","31.06","1.28","3.54","2019"
"KPX생명과학","114450","7,940","99.25","1.97","3.17","2019"
"KTH","036030","5,210","132.91","0.91","0.58","2019"
"KT서브마린","060370","6,360","278.57","1.36","2.52","2019"
"SBS콘텐츠허브","046140","6,360","227.52","0.88","0.84","2019"
"SG&G","040610","1,505","15.09","0.08","0.05","2019"
"SGA","049470","600","-0.95","0.76","0.36","2019"
"SNK","950180","13,100","8.84","0.91","2.7","2019"
"SV인베스트먼트","289080","3,825","25.45","3.43","6.65","2019"
"TPC","048770","4,040","-13.23","1.95","0.54","2019"
"TS인베스트먼트","246690","2,535","12.92","1.68","4.86","2019"
"YBM넷","057030","10,000","90.63","3.87","2.71","2019"
"iMBC","052220","2,795","27.95","1.2","1.25","2019"
"가온미디어","078890","6,400","5.42","0.62","0.16","2019"
"경동제약","011040","14,450","16.83","1.63","2.17","2019"
"골든센츄리","900280","252","1.84","0.18","0.35","2019"
"광진윈텍","090150","2,800","11.76","0.61","0.28","2019"
"구영테크","053270","1,650","12.81","0.61","0.19","2019"
"국보디자인","066620","16,650","7.85","1.01","0.46","2019"
"글로스퍼랩스","032860","423","-8.89","1.49","0.44","2019"
"나이스정보통신","036800","25,350","8.59","1.1","0.56","2019"
"남화산업","111710","11,950","79.36","1.82","16.4","2019"
"네스엠","056000","2,600","-10.81","2.11","1.86","2019"
"네오오토","212560","4,170","13.14","0.41","0.28","2019"
"네오위즈","095660","29,250","23.23","1.95","2.52","2019"
"네오크레마","311390","7,100","51.52","1.36","2.6","2019"
"넷게임즈","225570","8,840","-14.91","6.69","8.95","2019"
"노랑풍선","104620","15,850","-44.44","1.34","0.98","2019"
"노바텍","285490","24,200","22.07","3.63","4.65","2019"
"뉴보텍","060260","1,650","30.65","2.0","1.32","2019"
"다날","064260","5,470","14.82","1.69","1.77","2019"
"다우데이타","032190","15,350","1.44","0.21","0.16","2019"
"대원미디어","048910","7,130","28.03","0.89","0.47","2019"
"대한과학","131220","7,280","28.56","1.65","0.98","2019"
"대호피앤씨","021040","720","75.2","0.73","0.26","2019"
"대화제약","067080","18,900","37.85","4.1","3.01","2019"
"동아화성","041930","10,150","15.72","1.45","0.56","2019"
"동양파일","228340","2,655","-3.49","0.43","1.0","2019"
"디앤씨미디어","263720","43,800","109.72","12.96","12.77","2019"
"디이엔티","079810","9,090","-15.57","6.2","3.78","2019"
"라닉스","317120","7,430","-701.09","3.96","7.79","2019"
"라온피플","300120","24,700","30.31","4.05","8.27","2019"
"라이트론","069540","5,420","22.85","2.06","0.69","2019"
"랩지노믹스","084650","40,600","422.65","13.9","12.73","2019"
"로스웰","900260","338","17.11","0.19","0.49","2019"
"리더스코스메틱","016100","4,065","-1.28","1.51","0.77","2019"
"리메드","302550","31,050","41.09","7.35","9.72","2019"
"린드먼아시아","277070","4,420","14.21","1.32","7.02","2019"
"마니커에프앤지","195500","9,170","32.82","2.59","0.95","2019"
"매직마이크로","127160","483","-1.89","0.51","0.4","2019"
"메가엠디","133750","4,470","129.05","1.8","1.28","2019"
"메드팩토","235980","118,000","-176.52","30.28","NAN","2019"
"메카로","241770","13,500","17.48","0.95","1.88","2019"
"모베이스","101330","3,110","1.6","0.22","0.11","2019"
"모아텍","033200","6,970","110.99","1.32","2.58","2019"
"미래에셋대우스팩4호","333430","2,010","NAN","1.04","NAN","2019"
"바이오스마트","038460","12,050","12.12","2.28","1.52","2019"
"바텍","043150","23,150","9.66","1.35","1.27","2019"
"보광산업","225530","6,730","38.31","3.56","4.85","2019"
"본느","226340","2,380","14.61","2.15","1.55","2019"
"브릿지바이오","288330","39,500","189.14","3.28","4.22","2019"
"블러썸엠앤씨","263920","4,555","-8.44","0.69","1.72","2019"
"비엠티","086670","9,180","13.85","1.06","1.01","2019"
"비츠로셀","082920","17,200","18.43","2.62","2.78","2019"
"비츠로시스","054220","3,875","-0.02","-0.03","0.1","2019"
"삼기오토모티브","122350","3,485","54.54","0.8","0.36","2019"
"삼보모터스","053700","7,300","-7.51","0.59","0.12","2019"
"삼영엠텍","054540","6,280","23.33","1.02","1.17","2019"
"삼천당제약","000250","54,500","61.47","5.4","6.46","2019"
"샘코","263540","2,015","-0.51","1.83","0.64","2019"
"서울옥션","063170","5,560","-10.81","1.37","2.09","2019"
"서한","011370","1,035","10.66","0.35","0.19","2019"
"성도이엔지","037350","4,045","-0.95","0.45","0.09","2019"
"성우전자","081580","2,820","-8.1","0.42","0.37","2019"
"세원물산","024830","6,280","4.0","0.28","0.45","2019"
"소프트캠프","258790","3,040","109.74","6.86","3.34","2019"
"스카이문스테크놀로지","033790","829","-1.15","0.71","2.49","2019"
"시너지이노베이션","048870","3,740","57.98","2.63","4.46","2019"
"시스웍","269620","9,240","83.16","4.26","11.16","2019"
"신성델타테크","065350","3,650","16.65","0.66","0.19","2019"
"신화인터텍","056700","2,675","8.2","0.81","0.31","2019"
"아이컴포넌트","059100","4,175","-24.6","1.03","1.02","2019"
"아즈텍WB","032080","1,595","7.14","0.36","0.77","2019"
"안랩","053800","68,400","35.86","3.33","4.1","2019"
"알서포트","131370","17,150","102.64","14.73","32.05","2019"
"액트","131400","4,625","-68.85","2.09","1.84","2019"
"어보브반도체","102120","11,400","14.85","2.2","1.57","2019"
"에너토크","019990","4,800","93.66","1.17","1.99","2019"
"에버다임","041440","4,080","60.91","0.38","0.29","2019"
"에스넷","038680","7,600","17.71","1.56","0.39","2019"
"에스디시스템","121890","739","-0.63","0.73","0.18","2019"
"에스앤에스텍","101490","41,650","81.38","9.28","9.73","2019"
"에스에이엠티","031330","2,145","5.7","0.9","0.18","2019"
"에스티큐브","052020","9,400","-21.27","8.86","14.67","2019"
"에스피지","058610","6,630","20.36","1.05","0.44","2019"
"에이프로","262260","36,800","23.91","8.57","2.7","2019"
"에이피티씨","089970","12,550","20.54","4.9","4.92","2019"
"에코마케팅","230360","31,200","30.26","9.24","9.07","2019"
"에코바이오","038870","11,000","17.99","2.07","7.38","2019"
"에코캡","128540","3,270","43.28","0.72","0.71","2019"
"에프앤리퍼블릭","064090","450","-0.66","1.06","0.87","2019"
"에프엔에스테크","083500","8,320","44.13","1.35","1.81","2019"
"엔바이오니아","317870","6,960","51.79","2.41","5.34","2019"
"엔에스","217820","15,700","35.78","4.78","2.36","2019"
"엔에이치스팩13호","310840","2,060","70.45","1.07","NAN","2019"
"엔에이치스팩15","339950","1,970","NAN","1.03","NAN","2019"
"엘엠에스","073110","12,200","9.78","0.87","0.67","2019"
"엠아이텍","179290","4,160","34.21","2.63","3.87","2019"
"엠에스오토텍","123040","5,740","5.58","0.91","0.15","2019"
"엠케이전자","033160","10,150","2.88","0.25","0.3","2019"
"오이솔루션","138080","65,800","15.16","5.02","3.32","2019"
"올리패스","244460","15,950","-5.46","13.48","149.05","2019"
"와이엠씨","155650","12,500","-178.34","2.91","1.49","2019"
"와이엠티","251370","19,500","16.6","3.19","3.02","2019"
"와이제이엠게임즈","193250","1,715","-16.29","1.28","2.29","2019"
"와이팜","332570","16,250","48.07","11.68","4.33","2019"
"우리넷","115440","10,100","48.57","1.28","1.25","2019"
"우리조명","037400","1,840","8.49","0.28","0.03","2019"
"원익IPS","240810","33,900","38.79","2.94","2.49","2019"
"위세아이텍","065370","20,350","25.63","6.29","3.51","2019"
"유니슨","018000","7,180","-163.92","9.44","8.85","2019"
"유니크","011320","9,420","43.33","1.82","0.81","2019"
"유아이디","069330","1,055","-0.91","0.78","0.49","2019"
"유아이엘","049520","3,830","10.18","0.49","0.2","2019"
"이상네트웍스","080010","6,200","4.9","0.52","0.96","2019"
"이엠코리아","095190","6,140","-13.94","2.96","2.63","2019"
"이큐셀","160600","310","-0.24","0.55","0.1","2019"
"이퓨쳐","134060","10,350","29.03","2.68","4.61","2019"
"이화공영","001840","5,600","369.71","2.6","0.8","2019"
"인텔리안테크","189300","29,500","27.81","2.62","1.89","2019"
"인피니트헬스케어","071200","7,170","23.96","2.07","2.35","2019"
"일신바이오","068330","7,720","72.63","8.64","17.42","2019"
"잉글우드랩","950140","4,165","35.98","1.35","0.62","2019"
"정원엔시스","045510","2,200","88.57","1.83","0.42","2019"
"제노포커스","187420","14,350","-56.98","5.59","21.03","2019"
"제이씨케미칼","137950","5,610","10.65","1.37","0.62","2019"
"제이앤티씨","204270","12,250","7.24","2.17","1.64","2019"
"제이엘케이","322510","13,100","-18.44","5.39","977.52","2019"
"젬백스링크","064800","1,375","29.16","0.75","1.04","2019"
"좋은사람들","033340","1,690","-5.64","0.76","0.46","2019"
"중앙백신","072020","18,050","94.62","2.08","5.46","2019"
"지어소프트","051160","14,550","-141.38","22.32","1.33","2019"
"지트리비앤티","115450","29,800","-43.33","9.79","12.63","2019"
"청보산업","013720","5,720","155.95","2.13","2.12","2019"
"카스","016920","2,175","16.21","1.15","0.36","2019"
"카페24","042000","65,100","78.71","4.03","2.83","2019"
"케이비17호스팩","317030","2,015","110.04","1.06","NAN","2019"
"케이에스피","073010","1,370","30.99","2.18","1.69","2019"
"코리아센터","290510","21,500","73.81","2.61","2.05","2019"
"큐리언트","115180","40,600","-15.43","20.13","NAN","2019"
"크린앤사이언스","045520","30,100","24.15","4.64","1.65","2019"
"태웅","044490","16,950","-10.03","0.6","0.91","2019"
"테라셈","182690","1,680","-7.11","3.06","2.89","2019"
"토박스코리아","215480","989","202.37","1.78","1.43","2019"
"티사이언티픽","057680","5,250","111.89","5.89","27.61","2019"
"티케이케미칼","104480","1,915","18.32","0.64","0.28","2019"
"팅크웨어","084730","9,340","23.75","0.65","0.53","2019"
"파라텍","033540","7,000","-4.02","2.24","0.94","2019"
"팜스토리","027710","1,160","-9.37","0.77","0.13","2019"
"푸드나무","290720","27,600","41.74","3.71","2.9","2019"
"푸른저축은행","007330","8,060","4.94","0.46","2.17","2019"
"프리엠스","053160","9,840","118.08","1.3","3.21","2019"
"플랜티넷","075130","4,780","15.86","0.57","1.81","2019"
"피엔티","137400","23,150","-143.26","5.99","1.34","2019"
"피제이메탈","128660","2,095","24.74","1.28","0.37","2019"
"하나머티리얼즈","166090","25,200","17.86","3.4","3.2","2019"
"한국선재","025550","3,035","24.01","0.82","0.4","2019"
"한국전자인증","041460","6,770","90.8","3.57","5.06","2019"
"한국큐빅","021650","3,875","19.2","1.11","0.4","2019"
"한국파마","032300","26,700","42.65","8.82","3.55","2019"
"한독크린텍","256150","22,000","18.43","2.84","1.83","2019"
"한화플러스제1호스팩","340440","1,995","NAN","1.04","NAN","2019"
"현대사료","016790","14,750","28.35","1.52","0.77","2019"
"현우산업","092300","3,195","22.22","0.65","0.29","2019"
"홈캐스트","064240","3,640","-8.37","1.39","2.28","2019"
"휴메딕스","200670","27,650","22.78","2.27","3.51","2019"
"흥구석유","024060","5,990","10.83","1.17","0.6","2019"
"3S","060310","2,250","71.95","2.94","2.81","2019"
"JYP Ent.","035900","40,800","46.42","8.92","9.32","2019"
"RFHIC","218410","44,000","51.93","4.87","9.73","2019"
"SK바이오랜드","052260","25,650","35.62","2.47","3.62","2019"
"강원","114190","2,500","-1.22","2.07","1.03","2019"
"경남제약","053950","9,620","-36.46","2.68","3.66","2019"
"고려신용정보","049720","5,520","11.96","3.51","0.68","2019"
"골드퍼시픽","038530","1,585","-1.7","2.56","4.75","2019"
"광진실업","026910","3,155","-20.21","0.72","0.47","2019"
"그린플러스","186230","20,250","39.07","2.61","2.0","2019"
"기산텔레콤","035460","3,100","12.91","1.3","0.67","2019"
"나무기술","242040","3,680","28.22","5.96","1.27","2019"
"나이스디앤비","130580","10,100","13.76","2.59","2.01","2019"
"네패스","033640","33,750","26.12","4.11","2.21","2019"
"대동금속","020400","9,370","NAN","0.69","0.27","2019"
"대림제지","017650","7,190","25.88","0.42","0.61","2019"
"대신정보통신","020180","1,295","31.1","1.99","0.24","2019"
"더블유에프엠","035290","11,750","-1.53","25.16","3.73","2019"
"동국알앤에스","075970","2,820","19.96","0.66","0.51","2019"
"동우팜투테이블","088910","3,360","33.38","0.46","0.32","2019"
"동운아나텍","094170","5,700","13.04","3.48","1.57","2019"
"드림씨아이에스","223250","22,950","21.99","8.63","4.18","2019"
"디아이티","110990","6,300","9.02","0.69","1.0","2019"
"디에이치피코리아","131030","8,100","9.19","1.24","2.22","2019"
"디케이락","105740","11,950","11.88","1.09","1.36","2019"
"디케이티","290550","22,450","23.39","3.17","0.55","2019"
"라온시큐어","042510","3,790","48.22","5.29","3.97","2019"
"라파스","214260","20,100","838.47","3.5","9.21","2019"
"리노스","039980","1,135","-117.87","0.63","0.58","2019"
"리더스 기술투자","019570","577","-9.24","1.52","6.93","2019"
"마이크로디지탈","305090","25,100","-28.93","10.24","46.74","2019"
"마이크로컨텍솔","098120","4,700","48.84","1.19","1.14","2019"
"메가스터디","072870","11,500","12.03","0.46","0.98","2019"
"메지온","140410","160,500","-59.97","32.57","73.93","2019"
"모다이노칩","080420","3,080","39.6","0.68","0.77","2019"
"모베이스전자","012860","1,325","-3.96","0.24","0.05","2019"
"미디어젠","279600","8,600","-79.77","2.2","2.89","2019"
"미래나노텍","095500","2,875","39.39","0.38","0.23","2019"
"미래테크놀로지","213090","8,400","13.9","0.69","1.43","2019"
"미투젠","950190","30,150","9.54","7.61","3.46","2019"
"바이오리더스","142760","6,990","-2.96","2.11","1.7","2019"
"뷰웍스","100120","32,400","13.34","2.01","2.38","2019"
"브레인콘텐츠","066980","541","21.43","0.54","0.77","2019"
"블루콤","033560","7,700","77.38","0.83","4.87","2019"
"비덴트","121800","6,090","-27.97","0.83","11.07","2019"
"비에이치","090460","22,350","12.9","2.61","1.12","2019"
"비츠로테크","042370","9,680","7.26","0.88","0.69","2019"
"비피도","238200","18,150","46.4","1.61","5.71","2019"
"빅텍","065450","7,740","102.05","5.09","4.17","2019"
"삼강엠앤티","100090","19,400","-14.57","2.76","1.41","2019"
"삼보산업","009620","677","-6.74","0.48","0.08","2019"
"삼성머스트스팩3호","309930","2,090","95.93","1.14","NAN","2019"
"삼표시멘트","038500","3,595","20.75","0.61","0.65","2019"
"상상인이안1호스팩","307870","2,000","95.0","1.06","NAN","2019"
"서부T&D","006730","6,670","NAN","0.58","3.03","2019"
"선광","003100","16,000","20.71","0.34","0.73","2019"
"세미콘라이트","214310","854","-0.61","0.55","0.59","2019"
"세진티에스","067770","3,170","-12.68","0.71","1.26","2019"
"세화피앤씨","252500","4,320","149.35","3.43","3.07","2019"
"셀레믹스","331920","27,450","-76.91","34.02","34.68","2019"
"셀리드","299660","40,650","-155.75","7.59","NAN","2019"
"소리바다","053110","390","-1.93","1.1","0.54","2019"
"수젠텍","253840","49,800","-67.05","26.49","169.4","2019"
"스킨앤스킨","159910","263","-5.62","0.93","1.69","2019"
"신라섬유","001000","2,170","263.42","3.63","12.54","2019"
"신화콘텍","187270","2,465","-9.26","0.52","0.56","2019"
"쎄니트","037760","1,705","30.36","0.73","0.53","2019"
"씨씨에스","066790","846","-194.48","1.44","1.92","2019"
"씨엔플러스","115530","839","-72.03","3.79","2.57","2019"
"씨젠","096530","249,500","245.15","42.84","53.65","2019"
"아리온","058220","275","-0.04","0.02","0.01","2019"
"아시아경제","127710","1,820","11.32","0.45","1.21","2019"
"아이디스홀딩스","054800","13,100","10.04","0.22","0.27","2019"
"아이쓰리시스템","214430","23,600","838.63","2.43","3.23","2019"
"아주IB투자","027360","1,405","10.23","1.0","5.02","2019"
"안국약품","001540","18,400","114.27","1.62","1.54","2019"
"알테오젠","196170","202,500","-3310.76","80.18","192.75","2019"
"알톤스포츠","123750","2,995","-3.13","2.4","1.22","2019"
"알파홀딩스","117670","5,210","-7.29","1.39","1.16","2019"
"압타바이오","293780","31,000","-53.55","4.49","337.34","2019"
"야스","255440","13,800","11.06","1.2","2.07","2019"
"에스맥","097780","1,950","-32.68","1.92","2.7","2019"
"에스모","073070","407","-0.71","0.91","0.81","2019"
"에스에너지","095910","8,910","-16.54","1.0","0.55","2019"
"에스에이티","060540","2,150","5.91","0.63","0.4","2019"
"에스엔유","080000","4,165","18.57","1.24","2.22","2019"
"에스엠코어","007820","7,280","31.71","1.86","1.14","2019"
"에스티오","098660","2,210","8.37","0.78","0.32","2019"
"에이에프더블류","312610","13,450","24.33","1.88","5.24","2019"
"에이치엘비","028300","103,200","-83.74","26.42","130.19","2019"
"에이테크솔루션","071670","9,660","64.4","1.36","0.42","2019"
"에코마이스터","064510","1,545","-2.49","1.77","1.24","2019"
"에프엔씨엔터","173940","5,700","-10.77","1.22","0.97","2019"
"엘비세미콘","061970","10,950","13.14","2.53","1.23","2019"
"엘이티","297890","17,750","11.63","2.84","1.83","2019"
"엠에스씨","009780","4,335","6.47","0.84","0.51","2019"
"엠젠플러스","032790","4,075","-3.76","3.09","1.34","2019"
"오디텍","080520","4,710","26.35","0.47","1.33","2019"
"오로라","039830","9,870","27.96","1.0","0.68","2019"
"오리엔트정공","065500","851","-23.2","1.89","1.03","2019"
"오상자이엘","053980","11,900","-14.27","5.59","2.85","2019"
"오킨스전자","080580","10,450","362.56","2.8","1.88","2019"
"와이엔텍","067900","12,750","12.61","1.72","2.35","2019"
"와이오엠","066430","1,820","-1.07","1.93","0.46","2019"
"와이즈버즈","273060","1,775","23.29","4.23","7.99","2019"
"와이지엔터테인먼트","122870","58,700","-43.42","2.53","4.04","2019"
"우수AMS","066590","6,160","507.05","2.52","0.6","2019"
"우주일렉트로","065680","33,850","28.5","1.77","1.76","2019"
"우진비앤지","018620","3,405","-6.5","2.28","2.63","2019"
"웹케시","053580","66,300","48.22","8.26","7.33","2019"
"위니아딤채","071460","2,470","8.0","0.74","0.12","2019"
"위지윅스튜디오","299900","4,590","20.28","1.87","2.84","2019"
"윈스","136540","22,550","18.25","2.37","3.33","2019"
"윈텍","320000","2,515","21.44","3.17","2.26","2019"
"유라테크","048430","11,850","59.35","1.27","0.67","2019"
"유틸렉스","263050","35,500","-30.33","8.26","1296.73","2019"
"이그잭스","060230","1,560","-111.69","2.03","3.03","2019"
"이니텍","053350","4,570","-11.9","0.45","0.31","2019"
"이더블유케이","258610","9,400","-75.77","2.75","4.44","2019"
"이테크건설","016250","121,500","10.8","0.66","0.2","2019"
"인바디","041830","16,350","10.97","1.6","1.91","2019"
"인산가","277410","1,920","15.9","1.65","1.97","2019"
"인지디스플레","037330","2,420","12.35","0.56","0.19","2019"
"인콘","083640","926","-3.73","1.3","2.39","2019"
"인크로스","216050","52,600","45.57","6.44","12.28","2019"
"인터엠","017250","1,775","-4.98","0.58","0.43","2019"
"일지테크","019540","3,910","-12.29","0.44","0.28","2019"
"자안","221610","348","49.64","1.37","0.79","2019"
"제이엠아이","033050","1,200","-4.89","1.1","0.56","2019"
"조이맥스","101730","5,240","-2.79","9.69","1.46","2019"
"지노믹트리","228760","16,850","-32.7","3.1","1122.55","2019"
"지니틱스","303030","2,700","228.64","3.19","1.67","2019"
"진로발효","018120","30,600","14.17","2.55","2.29","2019"
"체리부로","066360","2,450","-3.31","0.71","0.23","2019"
"카카오게임즈","293490","81,100","508.73","10.85","11.58","2019"
"케이디켐","221980","11,700","6.29","0.61","0.97","2019"
"케이씨티","089150","5,770","109.95","2.68","4.92","2019"
"케이피에스","256940","13,750","-589.28","5.83","12.45","2019"
"코디","080530","1,985","-4.32","1.09","0.61","2019"
"코리아에스이","101670","1,200","-10.8","0.7","1.71","2019"
"코스나인","082660","1,525","-1.12","2.39","1.75","2019"
"코스온","069110","4,015","-14.44","0.7","0.69","2019"
"코아스템","166480","26,000","-92.87","5.49","16.82","2019"
"큐렉소","060280","6,550","-8.44","4.97","6.35","2019"
"큐로컴","040350","2,445","-10.86","7.13","17.76","2019"
"크리스탈","083790","18,550","-20.16","3.41","54.85","2019"
"태양","053620","8,990","10.45","0.49","0.55","2019"
"테라젠이텍스","066700","12,650","8.92","2.7","2.84","2019"
"테크윙","089030","20,300","34.71","2.08","2.1","2019"
"티엘아이","062860","7,400","66.42","0.98","1.74","2019"
"티움바이오","321550","18,000","-59.48","4.57","383.89","2019"
"파인테크닉스","106240","4,835","-94.16","2.5","1.54","2019"
"팜스빌","318010","12,300","13.55","1.76","3.25","2019"
"팬스타엔터프라이즈","054300","726","47.48","0.89","1.02","2019"
"평화정공","043370","7,000","4.65","0.25","0.14","2019"
"포메탈","119500","3,890","20.95","1.03","0.89","2019"
"포스코 ICT","022100","6,410","24.55","2.66","1.0","2019"
"플레이위드","023770","10,550","9.87","4.96","1.6","2019"
"피씨엘","241820","22,000","-26.2","36.14","NAN","2019"
"피피아이","062970","9,100","30.25","3.78","1.74","2019"
"하이제4호스팩","317240","2,040","NAN","1.07","NAN","2019"
"한국제8호스팩","310870","2,025","69.25","1.07","NAN","2019"
"한솔인티큐브","070590","2,800","-43.18","1.64","0.66","2019"
"한스바이오메드","042520","26,950","28.09","3.17","3.98","2019"
"한창산업","079170","6,100","26.43","0.61","0.49","2019"
"한컴MDS","086960","11,900","17.51","0.9","0.68","2019"
"한화에스비아이스팩","317320","2,700","NAN","1.45","NAN","2019"
"핸디소프트","220180","3,320","-5.75","1.16","1.85","2019"
"현대공업","170030","5,100","19.08","0.77","0.47","2019"
"화신정공","126640","1,325","13.77","0.6","0.21","2019"
"휴마시스","205470","15,550","-365.08","28.63","47.62","2019"
"휴비츠","065510","7,170","10.27","0.9","0.97","2019"
"흥국","010240","4,710","8.29","0.86","0.56","2019"
"GRT","900290","1,505","1.56","0.2","0.28","2019"
"GV","045890","999","-1.04","1.23","0.65","2019"
"HB테크놀러지","078150","2,085","28.4","0.89","0.59","2019"
"IBKS제12호스팩","335870","2,135","NAN","1.11","NAN","2019"
"ISC","095340","18,850","83.31","1.49","3.04","2019"
"KG이니시스","035600","22,200","10.32","1.63","0.65","2019"
"MP한강","219550","1,110","-21.75","2.05","1.31","2019"
"NE능률","053290","3,150","64.15","0.78","0.53","2019"
"NHN한국사이버결제","060250","67,300","63.1","12.14","3.29","2019"
"SBI인베스트먼트","019550","838","11.91","1.44","5.75","2019"
"SG","255220","2,340","8.95","1.18","0.65","2019"
"고려제약","014570","12,150","34.27","2.06","2.41","2019"
"국일제지","078130","4,955","-15.93","13.87","7.27","2019"
"금강철강","053260","3,035","12.91","0.52","0.33","2019"
"기가레인","049080","1,765","-2.0","3.28","1.27","2019"
"나노스","151910","4,130","-36.55","15.93","11.33","2019"
"나노캠텍","091970","2,160","-3.41","0.94","1.17","2019"
"나라엠앤디","051490","7,100","91.65","1.25","0.65","2019"
"나우IB","293580","6,210","20.3","0.81","7.55","2019"
"내츄럴엔도텍","168330","2,525","-3.26","2.55","7.91","2019"
"네오펙트","290660","4,000","-3.0","3.82","3.88","2019"
"녹십자엠에스","142280","17,800","-22.92","7.4","3.99","2019"
"녹십자웰빙","234690","15,750","49.05","3.36","4.18","2019"
"뉴로스","126870","4,200","-3.79","1.53","1.6","2019"
"뉴지랩","214870","15,550","-142.72","5.73","4.02","2019"
"대동기어","008830","3,085","-46.21","0.48","0.19","2019"
"대륙제관","004780","4,300","12.66","0.64","0.35","2019"
"대모","317850","5,040","24.68","0.97","0.93","2019"
"대성엘텍","025440","738","-7.43","1.94","0.19","2019"
"대성창투","027830","1,850","-370.0","1.48","10.72","2019"
"대양제지","006580","3,240","3.38","0.59","0.34","2019"
"대정화금","120240","37,300","43.41","2.19","3.33","2019"
"대창스틸","140520","2,130","NAN","0.43","0.22","2019"
"덕우전자","263600","7,800","13.51","1.4","0.96","2019"
"동국S&C","100130","10,650","67.62","2.2","1.91","2019"
"동성화인텍","033500","10,100","16.13","2.87","1.08","2019"
"동양에스텍","060380","2,720","12.36","0.5","0.13","2019"
"동양이엔피","079960","16,700","5.38","0.61","0.27","2019"
"동일철강","023790","4,165","7.84","0.56","1.15","2019"
"드래곤플라이","030350","3,000","-8.43","3.87","7.87","2019"
"디스플레이텍","066670","3,320","11.49","0.41","1.42","2019"
"디에스케이","109740","6,970","36.38","1.13","1.85","2019"
"디자인","227100","10,500","-8.22","2.29","1.28","2019"
"디젠스","113810","514","-5.59","0.86","0.21","2019"
"러셀","217500","2,425","18.37","1.91","1.88","2019"
"레이","228670","46,050","26.41","5.32","4.19","2019"
"마이더스AI","222810","467","-0.41","5.03","1.16","2019"
"매일유업","267980","69,800","8.51","1.36","0.39","2019"
"맥스로텍","141070","1,985","-5.44","1.95","1.47","2019"
"멀티캠퍼스","067280","29,000","9.09","1.53","0.6","2019"
"메디프론","065650","5,040","-82.43","8.38","8.53","2019"
"명성티엔에스","257370","15,700","200.02","2.61","2.86","2019"
"모바일어플라이언스","087260","3,680","-40.89","3.91","2.46","2019"
"미투온","201490","7,030","7.88","2.23","1.85","2019"
"바른손","018700","2,735","-4.2","1.66","6.8","2019"
"바이오로그디바이스","208710","1,650","7.81","0.85","0.53","2019"
"바이오솔루션","086820","28,500","-327.18","4.76","25.73","2019"
"바이오톡스텍","086040","13,550","-116.27","6.34","7.63","2019"
"버추얼텍","036620","708","-6.7","2.47","5.44","2019"
"베스파","299910","12,100","-11.98","1.15","0.96","2019"
"빅솔론","093190","4,280","8.58","0.56","0.97","2019"
"삼목에스폼","018310","7,230","7.76","0.31","0.74","2019"
"삼성스팩2호","291230","2,015","76.07","1.07","NAN","2019"
"상상인","038540","5,890","2.71","0.53","0.6","2019"
"상신전자","263810","3,615","20.6","1.49","0.63","2019"
"서진시스템","178320","51,500","19.02","3.49","2.38","2019"
"서플러스글로벌","140070","3,530","87.05","1.04","1.18","2019"
"선익시스템","171090","7,300","9.25","0.73","0.75","2019"
"세틀뱅크","234340","25,350","18.21","2.12","3.58","2019"
"소프트센","032680","2,240","-22.12","2.29","0.79","2019"
"쇼박스","086980","2,810","53.3","1.25","2.24","2019"
"스타모빌리티","158310","505","-0.73","0.21","0.6","2019"
"신진에스엠","138070","4,695","17.55","0.57","0.81","2019"
"심텍홀딩스","036710","2,415","-2.36","0.49","0.09","2019"
"쎌바이오텍","049960","16,000","20.89","1.45","3.27","2019"
"씨티케이코스메틱스","260930","14,850","20.88","0.86","1.29","2019"
"아모그린텍","125210","13,050","126.64","5.64","2.3","2019"
"아미노로직스","074430","2,540","-185.9","4.3","11.74","2019"
"아이디스","143160","33,800","190.63","2.38","3.24","2019"
"아이디피","332370","10,600","15.66","2.41","2.22","2019"
"아이앤씨","052860","5,630","17.35","1.79","2.17","2019"
"아이에스이커머스","069920","3,855","-6.01","1.99","2.73","2019"
"아이엠","101390","836","-1.75","1.08","0.17","2019"
"아이엠텍","226350","214","-6.26","0.47","0.59","2019"
"아진엑스텍","059120","9,380","26.06","1.5","3.16","2019"
"아톤","158430","27,100","-9.8","2.4","3.41","2019"
"알엔투테크놀로지","148250","19,250","150.51","4.27","6.45","2019"
"액토즈소프트","052790","15,850","8.63","1.52","2.86","2019"
"앤씨앤","092600","3,830","-11.63","1.95","1.02","2019"
"에스엠","041510","37,800","-54.71","1.4","1.35","2019"
"에스티아이","039440","16,800","11.56","1.58","0.83","2019"
"에이아이비트","039230","181","-1.69","0.37","0.51","2019"
"에이치케이","044780","1,330","30.77","0.5","0.45","2019"
"에이텍","045660","35,900","46.33","3.93","2.99","2019"
"에코프로","086520","51,600","30.48","2.55","1.62","2019"
"에코프로비엠","247540","146,000","86.99","8.1","4.87","2019"
"엘앤케이바이오","156100","10,250","-9.36","3.58","4.28","2019"
"오리엔탈정공","014940","2,410","31.38","3.5","0.84","2019"
"오리콤","010470","4,220","8.37","0.6","0.25","2019"
"오스템","031510","3,455","-6.46","0.82","0.61","2019"
"우리기술","032820","987","-8.58","2.95","3.0","2019"
"우리기술투자","041190","2,410","19.1","2.68","11.84","2019"
"우리로","046970","1,720","-4.68","1.63","0.39","2019"
"우정바이오","215380","10,600","375.03","4.15","3.48","2019"
"월덱스","101160","15,100","12.85","2.79","2.12","2019"
"웰크론한텍","076080","2,230","-2.15","0.69","0.16","2019"
"웹스","196700","1,985","-135.95","0.7","0.95","2019"
"윙입푸드","900340","1,375","5.84","0.59","0.53","2019"
"유니셈","036200","7,580","10.91","1.88","1.3","2019"
"유니트론텍","142210","6,460","27.52","1.51","0.24","2019"
"유진기업","023410","4,285","16.9","0.42","0.23","2019"
"유진로봇","056080","2,105","-3.69","1.57","1.09","2019"
"율호","072770","1,650","-65.92","2.3","0.93","2019"
"이라이콤","041520","9,590","-194.82","0.57","0.42","2019"
"이베스트투자증권","078020","5,960","6.42","0.64","1.75","2019"
"이엑스티","226360","3,305","-19.8","2.4","3.06","2019"
"이엔에프테크놀로지","102710","44,100","13.44","2.33","1.3","2019"
"이크레더블","092130","23,500","20.66","5.27","6.92","2019"
"이화전기","024810","144","1034.37","0.49","1.82","2019"
"인트론바이오","048530","17,000","-159.43","7.85","61.47","2019"
"인프라웨어","041020","1,910","-9.17","2.55","3.41","2019"
"일야","058450","685","-3.3","1.03","0.36","2019"
"일진파워","094820","5,520","7.05","0.87","0.46","2019"
"장원테크","174880","2,640","-17.02","1.27","0.9","2019"
"제룡산업","147830","5,280","21.12","0.93","1.95","2019"
"제이에스티나","026040","2,075","-1.03","0.76","0.36","2019"
"젠큐릭스","229000","20,650","-12.1","556.83","1113.65","2019"
"조이시티","067000","21,050","-130.54","9.92","2.41","2019"
"중앙에너비스","000440","7,770","80.64","1.07","0.74","2019"
"지엘팜텍","204840","988","-6.75","16.15","3.5","2019"
"진매트릭스","109820","16,550","-254.61","19.97","59.91","2019"
"창해에탄올","004650","13,600","11.57","0.99","0.67","2019"
"청담러닝","096240","22,900","15.69","2.01","1.0","2019"
"컬러레이","900310","1,780","3.97","0.61","1.89","2019"
"케어랩스","263700","9,170","232.94","1.73","1.71","2019"
"케이엔제이","272110","11,700","16.71","2.74","1.31","2019"
"케이엠","083550","16,100","25.87","1.96","1.3","2019"
"케이엠제약","225430","3,690","-87.69","3.26","3.89","2019"
"케이프","064820","3,675","11.8","0.5","0.28","2019"
"켐트로닉스","089010","15,750","13.83","2.31","0.57","2019"
"켐트로스","220260","7,470","655.44","4.41","4.49","2019"
"코다코","046070","1,135","-1.89","1.46","0.2","2019"
"코리아에프티","123410","2,470","12.06","0.55","0.16","2019"
"코센","009730","181","-0.04","0.8","0.04","2019"
"큐로홀딩스","051780","650","-5.67","2.05","2.0","2019"
"태광","023160","6,950","17.05","0.42","0.97","2019"
"티피씨글로벌","130740","2,675","-9.52","0.41","0.33","2019"
"파크시스템스","140860","67,100","52.61","10.07","8.6","2019"
"파트론","091700","11,600","9.79","1.56","0.5","2019"
"팬젠","222110","10,150","-11.0","5.32","33.75","2019"
"포스코엠텍","009520","4,555","17.89","2.11","0.66","2019"
"포인트엔지니어링","256630","3,670","181.3","3.0","4.27","2019"
"포티스","141020","108","-0.31","0.29","0.28","2019"
"퓨쳐스트림네트웍스","214270","1,070","11.98","1.53","0.71","2019"
"피앤씨테크","237750","6,250","14.5","0.68","1.9","2019"
"피앤이솔루션","131390","21,150","19.0","3.78","2.05","2019"
"하나머스트제6호스팩","307160","2,085","95.7","1.15","NAN","2019"
"하림지주","003380","6,960","6.89","0.19","0.09","2019"
"하이제5호스팩","340120","2,000","NAN","1.09","NAN","2019"
"하이텍팜","106190","14,200","-23.97","1.02","1.6","2019"
"한국가구","004590","4,430","10.89","0.64","1.01","2019"
"한국정밀기계","101680","1,370","-9.59","0.2","0.25","2019"
"한빛소프트","047080","3,765","40.56","5.72","2.14","2019"
"한송네오텍","226440","1,480","148.08","3.08","2.75","2019"
"현대통신","039010","7,300","5.88","0.77","0.6","2019"
"화일약품","061250","13,600","73.5","1.97","2.16","2019"
"휘닉스소재","050090","607","-20.98","1.54","3.23","2019"
"휴림로봇","090710","728","-6.28","2.1","3.39","2019"
"AP시스템","265520","23,150","35.29","2.94","0.73","2019"
"AP위성","211270","7,050","151.22","1.29","2.32","2019"
"OQP","078590","3,825","-35.67","8.66","3.31","2019"
"S&K폴리텍","091340","5,320","4.07","0.7","0.18","2019"
"SFA반도체","036540","5,560","38.04","2.51","1.34","2019"
"THE MIDONG","161570","1,790","-7.48","0.87","0.99","2019"
"YTN","040300","3,140","-87.92","0.7","1.01","2019"
"골프존뉴딘홀딩스","121440","5,620","-6.92","0.54","1.05","2019"
"글로벌에스엠","900070","539","8.52","0.31","0.27","2019"
"금화피에스시","036190","27,900","6.04","0.7","0.8","2019"
"까스텔바작","308100","9,840","9.41","0.85","0.8","2019"
"나무가","190510","22,450","-256.98","3.48","0.43","2019"
"네온테크","306620","2,435","82.63","4.83","2.89","2019"
"녹십자랩셀","144510","55,000","-263.85","12.12","10.03","2019"
"농우바이오","054050","10,700","24.5","0.74","1.41","2019"
"뉴트리","270870","22,550","21.51","3.5","1.63","2019"
"다나와","119860","31,000","17.17","3.69","2.43","2019"
"다믈멀티미디어","093640","2,920","63.07","1.49","2.41","2019"
"대동스틸","048470","4,970","165.67","0.81","0.44","2019"
"대보마그네틱","290670","39,600","67.25","7.28","10.69","2019"
"대신밸런스제8호스팩","336570","2,005","NAN","1.06","NAN","2019"
"대한광통신","010170","4,390","-27.67","1.8","2.1","2019"
"더네이쳐홀딩스","298540","40,050","15.38","3.28","1.05","2019"
"데이타솔루션","263800","9,530","-214.68","5.87","1.48","2019"
"덱스터","206560","5,670","-18.16","2.53","2.52","2019"
"도이치모터스","067990","6,520","3.25","0.7","0.15","2019"
"동국산업","005160","4,020","12.05","0.41","0.32","2019"
"동원개발","013120","4,000","4.29","0.47","0.57","2019"
"동일금속","109860","10,700","4.77","0.6","0.86","2019"
"동화기업","025900","41,300","19.22","1.23","1.16","2019"
"드림시큐리티","203650","3,740","75.71","2.94","6.57","2019"
"드림어스컴퍼니","060570","5,140","-6.09","2.48","1.48","2019"
"디딤","217620","1,755","46.38","1.99","0.52","2019"
"디와이피엔에프","104460","18,100","9.19","2.88","1.17","2019"
"디지캡","197140","4,675","28.8","1.16","1.45","2019"
"디지탈옵틱","106520","600","-3.92","1.11","0.73","2019"
"레몬","294140","17,900","-58.51","28.79","10.95","2019"
"로보티즈","108490","13,750","61.88","2.52","6.14","2019"
"로체시스템즈","071280","5,450","69.47","1.28","1.04","2019"
"루멘스","038060","1,860","-1.44","0.67","0.27","2019"
"루트로닉","085370","5,640","-12.55","1.21","1.25","2019"
"리노공업","058470","133,000","38.39","6.75","11.9","2019"
"마크로젠","038290","34,050","-26.95","3.35","2.95","2019"
"매커스","093520","4,165","14.02","1.28","1.17","2019"
"메디아나","041920","18,550","23.95","2.82","3.32","2019"
"멜파스","096640","1,210","-2.33","0.91","0.36","2019"
"모바일리더","100030","16,000","-35.03","1.64","2.23","2019"
"미래생명자원","218150","3,140","58.63","1.98","1.17","2019"
"미래컴퍼니","049950","37,550","26.17","2.78","3.22","2019"
"바른전자","064520","1,005","-4.48","1.31","1.3","2019"
"배럴","267790","7,990","9.05","1.37","1.04","2019"
"백금T&A","046310","2,640","4.65","0.78","0.26","2019"
"버킷스튜디오","066410","1,710","-17.62","1.28","3.0","2019"
"보성파워텍","006910","2,030","116.36","1.17","0.83","2019"
"브이원텍","251630","9,300","21.21","1.71","5.22","2019"
"브이티지엠피","018290","8,600","97.01","5.38","2.92","2019"
"비씨월드제약","200780","21,300","31.68","1.92","3.61","2019"
"비아트론","141000","10,250","25.87","0.94","2.48","2019"
"빛샘전자","072950","5,650","17.84","0.59","0.73","2019"
"상상인이안제2호스팩","329560","1,985","-76.42","1.08","NAN","2019"
"상상인인더스트리","101000","812","-4.32","2.04","1.52","2019"
"서남","294630","3,325","-13.27","9.29","39.8","2019"
"서울리거","043710","1,265","-4.67","0.57","0.48","2019"
"서울제약","018680","11,950","506.98","2.01","1.95","2019"
"서전기전","189860","3,115","23.24","0.8","0.49","2019"
"서희건설","035890","1,140","3.82","0.6","0.19","2019"
"성광벤드","014620","7,130","32.89","0.46","1.01","2019"
"세동","053060","681","-6.63","0.77","0.1","2019"
"세중","039310","2,710","21.35","0.57","0.32","2019"
"셀트리온헬스케어","091990","100,000","232.38","9.07","13.72","2019"
"솔브레인홀딩스","036830","48,150","7.02","1.0","0.82","2019"
"솔트룩스","304100","34,150","181.72","3.76","7.9","2019"
"솔트웍스","230980","4,515","-5.02","5.34","4.44","2019"
"슈프리마아이디","317770","15,250","41.49","1.13","3.77","2019"
"신라젠","215600","12,100","-7.59","14.12","94.48","2019"
"신신제약","002800","9,800","74.34","2.64","2.19","2019"
"신영스팩6호","344050","2,040","NAN","1.07","NAN","2019"
"신일제약","012790","35,100","52.42","3.78","6.31","2019"
"싸이맥스","160980","14,950","49.41","1.5","1.89","2019"
"썸에이지","208640","1,010","-8.89","3.54","35.05","2019"
"쏠리드","050890","12,150","117.42","5.13","2.77","2019"
"씨아이에스","222080","8,690","41.61","9.4","4.63","2019"
"씨에스베어링","297090","34,400","53.35","7.2","3.17","2019"
"아난티","025980","9,100","-96.28","1.96","5.4","2019"
"아바코","083930","7,840","6.4","0.96","0.55","2019"
"아스트","067390","4,390","225.47","0.52","0.78","2019"
"아이스크림에듀","289010","9,190","23.64","1.58","1.11","2019"
"아이텍","119830","7,710","-8.82","1.46","1.56","2019"
"아이티엠반도체","084850","61,900","33.89","5.31","3.55","2019"
"알로이스","297570","2,020","-8.75","2.11","1.16","2019"
"양지사","030960","9,170","63.71","2.15","2.78","2019"
"얼라인드","238120","13,650","981.3","4.7","12.58","2019"
"에스씨디","042110","1,115","-53.89","0.54","0.31","2019"
"에스에프에이","056190","35,950","8.78","1.16","0.82","2019"
"에스텍","069510","9,110","5.78","0.65","0.29","2019"
"에스폴리텍","050760","7,160","10.93","2.07","0.87","2019"
"에스피시스템스","317830","5,930","37.16","1.59","1.51","2019"
"에이디테크놀로지","200710","28,900","35.75","5.12","1.27","2019"
"에이치엘비생명과학","067630","23,100","-143.03","3.25","9.54","2019"
"에이치엘비파워","043220","1,300","117.85","3.07","2.48","2019"
"에치에프알","230240","42,550","1274.59","6.24","3.25","2019"
"엘앤씨바이오","290650","137,900","119.39","16.86","34.75","2019"
"엘앤에프","066970","40,400","-113.67","7.59","3.19","2019"
"엘티씨","170920","14,200","82.14","1.16","1.16","2019"
"엠투엔","033310","8,560","43.74","3.11","4.04","2019"
"영우디에스피","143540","1,695","-24.37","2.96","0.51","2019"
"영풍정밀","036560","9,100","11.38","0.5","1.91","2019"
"예선테크","250930","2,560","-28.16","2.35","1.43","2019"
"오스코텍","039200","41,000","-47.89","22.01","272.09","2019"
"오파스넷","173130","10,200","-3.45","2.32","0.39","2019"
"올릭스","226950","59,100","-26.8","9.23","350.84","2019"
"옴니시스템","057540","2,400","5.22","1.02","1.04","2019"
"와토스코리아","079000","5,360","12.45","0.51","2.11","2019"
"우리산업","215360","20,050","24.09","1.57","0.57","2019"
"우리이앤엘","153490","1,025","10.66","0.84","0.38","2019"
"우원개발","046940","6,070","7.67","1.3","0.37","2019"
"위즈코프","038620","997","NAN","0.97","1.05","2019"
"윈팩","097800","1,665","6.67","1.32","0.63","2019"
"유니테스트","086390","26,050","21.67","3.42","2.78","2019"
"유비케어","032620","11,700","83.66","5.77","5.51","2019"
"유안타제3호스팩","287410","2,070","NAN","1.14","NAN","2019"
"유앤아이","056090","4,340","-17.74","0.89","0.97","2019"
"유진스팩4호","321260","2,010","NAN","1.03","NAN","2019"
"이노메트리","302430","22,450","47.1","4.14","6.79","2019"
"이노테라피","246960","10,900","-13.74","3.64","78.54","2019"
"이디티","215090","1,030","-3.6","1.32","1.17","2019"
"이루다","164060","15,050","30.2","6.13","4.09","2019"
"이매진아시아","036260","2,220","-4.91","8.17","7.65","2019"
"이베스트이안스팩1호","323210","2,015","NAN","1.04","NAN","2019"
"이엔드디","101360","26,400","26.14","15.59","2.78","2019"
"이오테크닉스","039030","104,100","108.69","3.26","6.21","2019"
"이원컴포텍","088290","12,150","86.31","10.51","4.32","2019"
"인터로조","119610","23,750","15.76","2.11","2.99","2019"
"인트로메딕","150840","2,735","-3.31","4.57","7.68","2019"
"인화정공","101930","4,320","-4.74","0.3","0.31","2019"
"자연과환경","043910","1,465","-51.91","1.72","2.46","2019"
"정산애강","022220","1,890","8.51","1.18","1.37","2019"
"제닉","123330","3,905","-2.28","1.01","0.52","2019"
"제이브이엠","054950","32,800","35.8","1.68","1.89","2019"
"제이엔케이히터","126880","9,460","25.97","2.31","0.91","2019"
"제일테크노스","038010","4,680","9.8","0.55","0.25","2019"
"제테마","216080","24,350","-26.91","11.63","29.74","2019"
"지에스이","053050","1,395","9.73","0.6","0.31","2019"
"지엔원에너지","270520","2,805","30.53","4.53","2.3","2019"
"지와이커머스","111820","2,465","-1.03","25.33","2.41","2019"
"진양제약","007370","8,670","65.02","2.38","2.19","2019"
"차바이오텍","085660","20,850","20.88","1.64","2.05","2019"
"천랩","311690","51,400","-45.53","6.36","40.79","2019"
"케어젠","214370","63,400","24.33","3.14","10.53","2019"
"케이맥","043290","1,575","-5.07","1.28","0.89","2019"
"케이엘넷","039420","2,355","14.97","1.56","1.48","2019"
"코렌텍","104540","8,790","37.22","3.1","2.31","2019"
"코리아나","027050","5,200","416.0","2.68","1.77","2019"
"코스맥스엔비티","222040","10,500","-12.24","3.02","1.11","2019"
"코오롱티슈진","950160","8,010","-9.93","5.24","157.92","2019"
"코콤","015710","6,410","13.7","0.95","0.84","2019"
"큐에스아이","066310","15,200","114.39","2.31","5.54","2019"
"크루셜텍","114120","2,325","-0.75","0.78","0.53","2019"
"크리스에프앤씨","110790","24,100","11.38","1.3","1.09","2019"
"클래시스","214150","13,300","25.63","9.73","10.56","2019"
"테스","095610","24,000","48.91","2.21","2.66","2019"
"텔레칩스","054450","9,780","15.91","1.28","1.0","2019"
"텔레필드","091440","3,995","7.42","1.34","0.64","2019"
"톱텍","108230","17,950","3302.44","1.93","3.95","2019"
"티비씨","033830","1,125","20.09","1.02","2.28","2019"
"티플랙스","081150","3,605","39.77","0.89","0.67","2019"
"파나진","046210","6,000","55.09","9.55","24.1","2019"
"파이오링크","170790","15,100","18.49","2.68","2.95","2019"
"포비스티앤씨","016670","1,040","-28.12","0.84","2.34","2019"
"포시에스","189690","8,650","37.61","1.42","3.63","2019"
"푸른기술","094940","13,500","147.91","3.1","3.79","2019"
"퓨전","195440","2,075","-0.58","0.26","0.49","2019"
"프럼파스트","035200","4,590","37.22","1.27","1.52","2019"
"플리토","300080","13,950","-12.05","3.0","36.16","2019"
"피엔케이","347740","25,150","28.45","6.27","12.29","2019"
"피제이전자","006140","5,700","17.45","0.8","0.86","2019"
"하림","136480","2,675","-5.83","0.91","0.29","2019"
"하이록코리아","013030","12,800","12.81","0.5","1.23","2019"
"하이비젼시스템","126700","13,650","31.38","1.63","1.52","2019"
"하츠","066130","6,680","35.63","1.03","0.76","2019"
"한국기업평가","034950","92,300","16.9","3.37","4.52","2019"
"한국정보공학","039740","2,950","13.91","0.58","0.15","2019"
"한네트","052600","3,750","39.42","1.24","1.67","2019"
"한라IMS","092460","5,810","15.51","0.84","1.41","2019"
"한양이엔지","045100","11,150","6.8","0.61","0.26","2019"
"한프","066110","480","-1.35","0.89","5.63","2019"
"해성산업","034810","11,200","47.62","0.79","5.4","2019"
"해성옵틱스","076610","2,230","-6.17","1.13","0.2","2019"
"행남사","008800","1,770","-2.24","2.63","10.49","2019"
"홈센타홀딩스","060560","1,310","-557.49","0.78","0.42","2019"
"힘스","238490","12,850","17.3","2.39","1.71","2019"
